"","Sample_ID","Stiffness_Score","Tumor_Type"
"TCGA-2H-A9GN-01A-11R-A37I-31","TCGA-2H-A9GN-01A-11R-A37I-31",26.9551649122807,"TCGA-ESCA"
"TCGA-L5-A4OR-01A-11R-A260-31","TCGA-L5-A4OR-01A-11R-A260-31",13.1291947368421,"TCGA-ESCA"
"TCGA-L5-A4OE-01A-11R-A260-31","TCGA-L5-A4OE-01A-11R-A260-31",10.9880964912281,"TCGA-ESCA"
"TCGA-LN-A49V-01A-11R-A24K-31","TCGA-LN-A49V-01A-11R-A24K-31",15.1543035087719,"TCGA-ESCA"
"TCGA-VR-A8EX-01A-11R-A36D-31","TCGA-VR-A8EX-01A-11R-A36D-31",6.46885614035088,"TCGA-ESCA"
"TCGA-JY-A939-01A-12R-A37I-31","TCGA-JY-A939-01A-12R-A37I-31",16.1434087719298,"TCGA-ESCA"
"TCGA-Z6-A8JE-01A-11R-A37I-31","TCGA-Z6-A8JE-01A-11R-A37I-31",73.8467578947368,"TCGA-ESCA"
"TCGA-L5-A4OM-01A-11R-A260-31","TCGA-L5-A4OM-01A-11R-A260-31",13.8494368421053,"TCGA-ESCA"
"TCGA-Z6-A9VB-01A-21R-A37I-31","TCGA-Z6-A9VB-01A-21R-A37I-31",10.817298245614,"TCGA-ESCA"
"TCGA-L5-A43J-01A-12R-A24K-31","TCGA-L5-A43J-01A-12R-A24K-31",29.7330070175439,"TCGA-ESCA"
"TCGA-L5-A43I-01A-11R-A24K-31","TCGA-L5-A43I-01A-11R-A24K-31",7.7858701754386,"TCGA-ESCA"
"TCGA-L5-A88S-01A-11R-A36D-31","TCGA-L5-A88S-01A-11R-A36D-31",73.7897614035088,"TCGA-ESCA"
"TCGA-VR-A8Q7-01A-11R-A37I-31","TCGA-VR-A8Q7-01A-11R-A37I-31",19.8890333333333,"TCGA-ESCA"
"TCGA-LN-A7HV-01A-21R-A354-31","TCGA-LN-A7HV-01A-21R-A354-31",12.6811701754386,"TCGA-ESCA"
"TCGA-L5-A8NS-01A-12R-A37I-31","TCGA-L5-A8NS-01A-12R-A37I-31",29.2354614035088,"TCGA-ESCA"
"TCGA-JY-A6FA-01A-11R-A336-31","TCGA-JY-A6FA-01A-11R-A336-31",8.51374035087719,"TCGA-ESCA"
"TCGA-LN-A4A3-01A-11R-A260-31","TCGA-LN-A4A3-01A-11R-A260-31",13.2620052631579,"TCGA-ESCA"
"TCGA-LN-A4A1-01A-21R-A260-31","TCGA-LN-A4A1-01A-21R-A260-31",33.4846228070175,"TCGA-ESCA"
"TCGA-R6-A6XG-01B-11R-A336-31","TCGA-R6-A6XG-01B-11R-A336-31",13.3488157894737,"TCGA-ESCA"
"TCGA-L5-A4OH-01A-11R-A260-31","TCGA-L5-A4OH-01A-11R-A260-31",9.11689824561403,"TCGA-ESCA"
"TCGA-VR-A8EQ-01A-11R-A36D-31","TCGA-VR-A8EQ-01A-11R-A36D-31",11.052350877193,"TCGA-ESCA"
"TCGA-IG-A3Y9-01A-12R-A24K-31","TCGA-IG-A3Y9-01A-12R-A24K-31",48.1231894736842,"TCGA-ESCA"
"TCGA-LN-A49R-01A-11R-A24K-31","TCGA-LN-A49R-01A-11R-A24K-31",42.1855122807018,"TCGA-ESCA"
"TCGA-L5-A88Z-01A-11R-A36D-31","TCGA-L5-A88Z-01A-11R-A36D-31",12.6827701754386,"TCGA-ESCA"
"TCGA-LN-A4A5-01A-21R-A260-31","TCGA-LN-A4A5-01A-21R-A260-31",51.9406736842105,"TCGA-ESCA"
"TCGA-L5-A8NK-01A-21R-A37I-31","TCGA-L5-A8NK-01A-21R-A37I-31",9.22241403508772,"TCGA-ESCA"
"TCGA-JY-A6FG-01A-11R-A336-31","TCGA-JY-A6FG-01A-11R-A336-31",7.29527368421053,"TCGA-ESCA"
"TCGA-L5-A4OO-01A-11R-A260-31","TCGA-L5-A4OO-01A-11R-A260-31",46.5208,"TCGA-ESCA"
"TCGA-L5-A4OQ-01A-11R-A260-31","TCGA-L5-A4OQ-01A-11R-A260-31",17.6876824561404,"TCGA-ESCA"
"TCGA-L5-A8NH-01A-11R-A37I-31","TCGA-L5-A8NH-01A-11R-A37I-31",9.09020350877193,"TCGA-ESCA"
"TCGA-IG-A625-01A-11R-A31P-31","TCGA-IG-A625-01A-11R-A31P-31",13.9177807017544,"TCGA-ESCA"
"TCGA-IG-A97H-01A-11R-A38D-31","TCGA-IG-A97H-01A-11R-A38D-31",27.4468052631579,"TCGA-ESCA"
"TCGA-2H-A9GH-01A-11R-A37I-31","TCGA-2H-A9GH-01A-11R-A37I-31",18.9922947368421,"TCGA-ESCA"
"TCGA-R6-A8WG-01A-11R-A37I-31","TCGA-R6-A8WG-01A-11R-A37I-31",19.9448035087719,"TCGA-ESCA"
"TCGA-S8-A6BW-01A-11R-A31P-31","TCGA-S8-A6BW-01A-11R-A31P-31",101.076071929825,"TCGA-ESCA"
"TCGA-L5-A8NT-01A-11R-A37I-31","TCGA-L5-A8NT-01A-11R-A37I-31",42.6391192982456,"TCGA-ESCA"
"TCGA-L5-A8NE-01A-11R-A37I-31","TCGA-L5-A8NE-01A-11R-A37I-31",12.4836140350877,"TCGA-ESCA"
"TCGA-L5-A43E-01A-11R-A24K-31","TCGA-L5-A43E-01A-11R-A24K-31",6.65659649122807,"TCGA-ESCA"
"TCGA-2H-A9GG-01A-11R-A37I-31","TCGA-2H-A9GG-01A-11R-A37I-31",15.3783754385965,"TCGA-ESCA"
"TCGA-VR-A8EW-01A-11R-A36D-31","TCGA-VR-A8EW-01A-11R-A36D-31",8.73295087719298,"TCGA-ESCA"
"TCGA-R6-A6Y0-01B-11R-A336-31","TCGA-R6-A6Y0-01B-11R-A336-31",6.48626140350877,"TCGA-ESCA"
"TCGA-IG-A3I8-01A-11R-A24K-31","TCGA-IG-A3I8-01A-11R-A24K-31",18.9415561403509,"TCGA-ESCA"
"TCGA-L5-A4OP-01A-11R-A260-31","TCGA-L5-A4OP-01A-11R-A260-31",7.37830877192982,"TCGA-ESCA"
"TCGA-JY-A938-01A-11R-A37I-31","TCGA-JY-A938-01A-11R-A37I-31",15.1342666666667,"TCGA-ESCA"
"TCGA-R6-A8WC-01A-11R-A37I-31","TCGA-R6-A8WC-01A-11R-A37I-31",9.13192807017544,"TCGA-ESCA"
"TCGA-IG-A50L-01A-11R-A260-31","TCGA-IG-A50L-01A-11R-A260-31",45.598849122807,"TCGA-ESCA"
"TCGA-IG-A3YB-01A-11R-A36D-31","TCGA-IG-A3YB-01A-11R-A36D-31",15.3772684210526,"TCGA-ESCA"
"TCGA-IG-A8O2-01A-11R-A36D-31","TCGA-IG-A8O2-01A-11R-A36D-31",9.62313684210526,"TCGA-ESCA"
"TCGA-VR-AA7I-01A-11R-A406-31","TCGA-VR-AA7I-01A-11R-A406-31",45.6529666666667,"TCGA-ESCA"
"TCGA-JY-A93F-01A-21R-A37I-31","TCGA-JY-A93F-01A-21R-A37I-31",6.14252280701754,"TCGA-ESCA"
"TCGA-L5-A43C-01A-11R-A24K-31","TCGA-L5-A43C-01A-11R-A24K-31",73.9698719298246,"TCGA-ESCA"
"TCGA-V5-A7RC-01B-11R-A406-31","TCGA-V5-A7RC-01B-11R-A406-31",25.5411859649123,"TCGA-ESCA"
"TCGA-LN-A49M-01A-21R-A260-31","TCGA-LN-A49M-01A-21R-A260-31",27.7548561403509,"TCGA-ESCA"
"TCGA-LN-A8HZ-01A-11R-A36D-31","TCGA-LN-A8HZ-01A-11R-A36D-31",12.3813192982456,"TCGA-ESCA"
"TCGA-JY-A6FH-01A-11R-A336-31","TCGA-JY-A6FH-01A-11R-A336-31",8.17714035087719,"TCGA-ESCA"
"TCGA-VR-A8EY-01A-11R-A36D-31","TCGA-VR-A8EY-01A-11R-A36D-31",16.7890789473684,"TCGA-ESCA"
"TCGA-L5-A8NV-01A-11R-A37I-31","TCGA-L5-A8NV-01A-11R-A37I-31",23.0319298245614,"TCGA-ESCA"
"TCGA-LN-A4A9-01A-11R-A28J-31","TCGA-LN-A4A9-01A-11R-A28J-31",42.3081701754386,"TCGA-ESCA"
"TCGA-2H-A9GO-01A-11R-A37I-31","TCGA-2H-A9GO-01A-11R-A37I-31",6.83906666666667,"TCGA-ESCA"
"TCGA-L5-A4ON-01A-11R-A260-31","TCGA-L5-A4ON-01A-11R-A260-31",14.0758035087719,"TCGA-ESCA"
"TCGA-LN-A9FO-01A-11R-A38D-31","TCGA-LN-A9FO-01A-11R-A38D-31",14.7614754385965,"TCGA-ESCA"
"TCGA-X8-AAAR-01A-11R-A406-31","TCGA-X8-AAAR-01A-11R-A406-31",14.9709070175439,"TCGA-ESCA"
"TCGA-L5-A4OJ-01A-11R-A260-31","TCGA-L5-A4OJ-01A-11R-A260-31",12.9011192982456,"TCGA-ESCA"
"TCGA-LN-A4MR-01A-11R-A28J-31","TCGA-LN-A4MR-01A-11R-A28J-31",47.2940298245614,"TCGA-ESCA"
"TCGA-R6-A8W8-01B-11R-A37I-31","TCGA-R6-A8W8-01B-11R-A37I-31",9.99724561403509,"TCGA-ESCA"
"TCGA-L5-A8NU-01A-11R-A36D-31","TCGA-L5-A8NU-01A-11R-A36D-31",33.9800157894737,"TCGA-ESCA"
"TCGA-LN-A9FR-01A-11R-A38D-31","TCGA-LN-A9FR-01A-11R-A38D-31",103.824863157895,"TCGA-ESCA"
"TCGA-VR-A8ET-01A-11R-A406-31","TCGA-VR-A8ET-01A-11R-A406-31",9.60779473684211,"TCGA-ESCA"
"TCGA-R6-A6L4-01A-11R-A31P-31","TCGA-R6-A6L4-01A-11R-A31P-31",4.44875789473684,"TCGA-ESCA"
"TCGA-L5-A4OS-01A-11R-A28J-31","TCGA-L5-A4OS-01A-11R-A28J-31",24.8794087719298,"TCGA-ESCA"
"TCGA-L5-A8NR-01A-11R-A37I-31","TCGA-L5-A8NR-01A-11R-A37I-31",21.0344298245614,"TCGA-ESCA"
"TCGA-VR-AA4G-01A-11R-A37I-31","TCGA-VR-AA4G-01A-11R-A37I-31",39.8277684210526,"TCGA-ESCA"
"TCGA-LN-A4A4-01A-11R-A260-31","TCGA-LN-A4A4-01A-11R-A260-31",48.8456263157895,"TCGA-ESCA"
"TCGA-LN-A49S-01A-11R-A24K-31","TCGA-LN-A49S-01A-11R-A24K-31",7.18595789473684,"TCGA-ESCA"
"TCGA-L5-A4OG-01A-11R-A260-31","TCGA-L5-A4OG-01A-11R-A260-31",16.4592456140351,"TCGA-ESCA"
"TCGA-2H-A9GJ-01A-11R-A37I-31","TCGA-2H-A9GJ-01A-11R-A37I-31",9.60128947368421,"TCGA-ESCA"
"TCGA-KH-A6WC-01A-11R-A336-31","TCGA-KH-A6WC-01A-11R-A336-31",4.0731701754386,"TCGA-ESCA"
"TCGA-2H-A9GQ-01A-11R-A37I-31","TCGA-2H-A9GQ-01A-11R-A37I-31",20.9090263157895,"TCGA-ESCA"
"TCGA-L5-A891-01A-11R-A36D-31","TCGA-L5-A891-01A-11R-A36D-31",15.646298245614,"TCGA-ESCA"
"TCGA-XP-A8T6-01A-11R-A36D-31","TCGA-XP-A8T6-01A-11R-A36D-31",22.7295,"TCGA-ESCA"
"TCGA-VR-A8EZ-01A-11R-A36D-31","TCGA-VR-A8EZ-01A-11R-A36D-31",32.2703421052632,"TCGA-ESCA"
"TCGA-R6-A6DQ-01B-11R-A31P-31","TCGA-R6-A6DQ-01B-11R-A31P-31",15.6911052631579,"TCGA-ESCA"
"TCGA-L5-A4OW-01A-11R-A28J-31","TCGA-L5-A4OW-01A-11R-A28J-31",17.5365526315789,"TCGA-ESCA"
"TCGA-L5-A43M-01A-11R-A24K-31","TCGA-L5-A43M-01A-11R-A24K-31",27.5614122807018,"TCGA-ESCA"
"TCGA-IC-A6RF-01A-13R-A336-31","TCGA-IC-A6RF-01A-13R-A336-31",5.95856842105263,"TCGA-ESCA"
"TCGA-L5-A88T-01A-11R-A354-31","TCGA-L5-A88T-01A-11R-A354-31",8.92688421052632,"TCGA-ESCA"
"TCGA-L5-A8NN-01A-11R-A37I-31","TCGA-L5-A8NN-01A-11R-A37I-31",8.98428421052632,"TCGA-ESCA"
"TCGA-JY-A6FB-01A-11R-A336-31","TCGA-JY-A6FB-01A-11R-A336-31",12.741350877193,"TCGA-ESCA"
"TCGA-R6-A6Y2-01B-11R-A336-31","TCGA-R6-A6Y2-01B-11R-A336-31",65.3439052631579,"TCGA-ESCA"
"TCGA-LN-A4A6-01A-11R-A260-31","TCGA-LN-A4A6-01A-11R-A260-31",35.1530315789474,"TCGA-ESCA"
"TCGA-Z6-A8JD-01A-11R-A36D-31","TCGA-Z6-A8JD-01A-11R-A36D-31",53.5524280701754,"TCGA-ESCA"
"TCGA-VR-A8ER-01A-11R-A36D-31","TCGA-VR-A8ER-01A-11R-A36D-31",36.2961719298246,"TCGA-ESCA"
"TCGA-JY-A93C-01A-11R-A38D-31","TCGA-JY-A93C-01A-11R-A38D-31",19.0319035087719,"TCGA-ESCA"
"TCGA-IG-A7DP-01A-31R-A336-31","TCGA-IG-A7DP-01A-31R-A336-31",42.4948859649123,"TCGA-ESCA"
"TCGA-IG-A4QS-01A-11R-A260-31","TCGA-IG-A4QS-01A-11R-A260-31",9.86283684210526,"TCGA-ESCA"
"TCGA-VR-AA7D-01A-11R-A406-31","TCGA-VR-AA7D-01A-11R-A406-31",20.1469350877193,"TCGA-ESCA"
"TCGA-LN-A4A2-01A-31R-A260-31","TCGA-LN-A4A2-01A-31R-A260-31",38.7938877192982,"TCGA-ESCA"
"TCGA-2H-A9GF-01A-11R-A37I-31","TCGA-2H-A9GF-01A-11R-A37I-31",19.8149543859649,"TCGA-ESCA"
"TCGA-VR-AA4D-01A-11R-A37I-31","TCGA-VR-AA4D-01A-11R-A37I-31",5.65970175438597,"TCGA-ESCA"
"TCGA-L5-A8NM-01A-11R-A37I-31","TCGA-L5-A8NM-01A-11R-A37I-31",14.2233456140351,"TCGA-ESCA"
"TCGA-V5-A7RE-01A-11R-A354-31","TCGA-V5-A7RE-01A-11R-A354-31",7.56362280701754,"TCGA-ESCA"
"TCGA-LN-A49W-01A-11R-A260-31","TCGA-LN-A49W-01A-11R-A260-31",58.809698245614,"TCGA-ESCA"
"TCGA-LN-A7HZ-01A-31R-A354-31","TCGA-LN-A7HZ-01A-31R-A354-31",25.8146649122807,"TCGA-ESCA"
"TCGA-LN-A5U5-01A-21R-A28J-31","TCGA-LN-A5U5-01A-21R-A28J-31",7.67821929824561,"TCGA-ESCA"
"TCGA-LN-A49Y-01A-11R-A260-31","TCGA-LN-A49Y-01A-11R-A260-31",21.7116210526316,"TCGA-ESCA"
"TCGA-L5-A8NG-01A-11R-A37I-31","TCGA-L5-A8NG-01A-11R-A37I-31",17.7178824561404,"TCGA-ESCA"
"TCGA-VR-A8EO-01A-11R-A36D-31","TCGA-VR-A8EO-01A-11R-A36D-31",31.8587719298246,"TCGA-ESCA"
"TCGA-L5-A8NQ-01A-11R-A36D-31","TCGA-L5-A8NQ-01A-11R-A36D-31",12.0558105263158,"TCGA-ESCA"
"TCGA-IG-A5B8-01A-11R-A28J-31","TCGA-IG-A5B8-01A-11R-A28J-31",12.7521315789474,"TCGA-ESCA"
"TCGA-LN-A5U6-01A-11R-A28J-31","TCGA-LN-A5U6-01A-11R-A28J-31",43.7689087719298,"TCGA-ESCA"
"TCGA-R6-A6DN-01B-11R-A31P-31","TCGA-R6-A6DN-01B-11R-A31P-31",8.84060877192982,"TCGA-ESCA"
"TCGA-IG-A4QT-01A-21R-A260-31","TCGA-IG-A4QT-01A-21R-A260-31",8.60293157894737,"TCGA-ESCA"
"TCGA-LN-A49L-01A-11R-A24K-31","TCGA-LN-A49L-01A-11R-A24K-31",16.1322543859649,"TCGA-ESCA"
"TCGA-JY-A93D-01A-11R-A38D-31","TCGA-JY-A93D-01A-11R-A38D-31",47.9751719298246,"TCGA-ESCA"
"TCGA-L5-A4OX-01A-21R-A28J-31","TCGA-L5-A4OX-01A-21R-A28J-31",8.15251403508772,"TCGA-ESCA"
"TCGA-Z6-AAPN-01A-11R-A406-31","TCGA-Z6-AAPN-01A-11R-A406-31",11.4156649122807,"TCGA-ESCA"
"TCGA-2H-A9GR-01A-12R-A37I-31","TCGA-2H-A9GR-01A-12R-A37I-31",18.7738754385965,"TCGA-ESCA"
"TCGA-LN-A7HW-01A-22R-A354-31","TCGA-LN-A7HW-01A-22R-A354-31",95.7985824561404,"TCGA-ESCA"
"TCGA-M9-A5M8-01A-11R-A28J-31","TCGA-M9-A5M8-01A-11R-A28J-31",16.3206385964912,"TCGA-ESCA"
"TCGA-LN-A49O-01A-11R-A24K-31","TCGA-LN-A49O-01A-11R-A24K-31",16.4314614035088,"TCGA-ESCA"
"TCGA-V5-AASX-01A-11R-A38D-31","TCGA-V5-AASX-01A-11R-A38D-31",12.7532929824561,"TCGA-ESCA"
"TCGA-IG-A3YA-01A-11R-A24K-31","TCGA-IG-A3YA-01A-11R-A24K-31",32.8709350877193,"TCGA-ESCA"
"TCGA-IG-A6QS-01A-12R-A336-31","TCGA-IG-A6QS-01A-12R-A336-31",24.8209614035088,"TCGA-ESCA"
"TCGA-L5-A88Y-01A-11R-A354-31","TCGA-L5-A88Y-01A-11R-A354-31",21.3596122807018,"TCGA-ESCA"
"TCGA-LN-A9FP-01A-31R-A38D-31","TCGA-LN-A9FP-01A-31R-A38D-31",35.6164894736842,"TCGA-ESCA"
"TCGA-V5-AASV-01A-11R-A38D-31","TCGA-V5-AASV-01A-11R-A38D-31",12.7691298245614,"TCGA-ESCA"
"TCGA-R6-A8W5-01B-11R-A37I-31","TCGA-R6-A8W5-01B-11R-A37I-31",28.3535035087719,"TCGA-ESCA"
"TCGA-2H-A9GK-01A-11R-A37I-31","TCGA-2H-A9GK-01A-11R-A37I-31",25.296849122807,"TCGA-ESCA"
"TCGA-L5-A4OF-01A-11R-A260-31","TCGA-L5-A4OF-01A-11R-A260-31",15.1947157894737,"TCGA-ESCA"
"TCGA-L5-A88W-01A-11R-A354-31","TCGA-L5-A88W-01A-11R-A354-31",16.8009912280702,"TCGA-ESCA"
"TCGA-L5-A8NI-01A-11R-A37I-31","TCGA-L5-A8NI-01A-11R-A37I-31",31.633349122807,"TCGA-ESCA"
"TCGA-JY-A93E-01A-11R-A37I-31","TCGA-JY-A93E-01A-11R-A37I-31",20.7725368421053,"TCGA-ESCA"
"TCGA-LN-A4MQ-01A-11R-A28J-31","TCGA-LN-A4MQ-01A-11R-A28J-31",10.2460578947368,"TCGA-ESCA"
"TCGA-LN-A4A8-01A-32R-A260-31","TCGA-LN-A4A8-01A-32R-A260-31",43.3586350877193,"TCGA-ESCA"
"TCGA-IG-A51D-01A-11R-A36D-31","TCGA-IG-A51D-01A-11R-A36D-31",25.1870877192982,"TCGA-ESCA"
"TCGA-Q9-A6FU-01A-11R-A31P-31","TCGA-Q9-A6FU-01A-11R-A31P-31",26.9857964912281,"TCGA-ESCA"
"TCGA-JY-A6FE-01A-11R-A336-31","TCGA-JY-A6FE-01A-11R-A336-31",43.3162666666667,"TCGA-ESCA"
"TCGA-LN-A5U7-01A-11R-A31P-31","TCGA-LN-A5U7-01A-11R-A31P-31",19.6550140350877,"TCGA-ESCA"
"TCGA-LN-A8I0-01A-11R-A36D-31","TCGA-LN-A8I0-01A-11R-A36D-31",30.2606175438596,"TCGA-ESCA"
"TCGA-LN-A8I1-01A-11R-A36D-31","TCGA-LN-A8I1-01A-11R-A36D-31",9.91995964912281,"TCGA-ESCA"
"TCGA-IG-A3QL-01A-11R-A24K-31","TCGA-IG-A3QL-01A-11R-A24K-31",30.2283105263158,"TCGA-ESCA"
"TCGA-L5-A8NJ-01A-11R-A36D-31","TCGA-L5-A8NJ-01A-11R-A36D-31",6.09575263157895,"TCGA-ESCA"
"TCGA-L5-A4OI-01A-11R-A36D-31","TCGA-L5-A4OI-01A-11R-A36D-31",7.74605789473684,"TCGA-ESCA"
"TCGA-S8-A6BV-01A-21R-A31P-31","TCGA-S8-A6BV-01A-21R-A31P-31",16.834649122807,"TCGA-ESCA"
"TCGA-IG-A3YC-01A-11R-A24K-31","TCGA-IG-A3YC-01A-11R-A24K-31",46.9367649122807,"TCGA-ESCA"
"TCGA-Q9-A6FW-01A-31R-A31P-31","TCGA-Q9-A6FW-01A-31R-A31P-31",13.7011350877193,"TCGA-ESCA"
"TCGA-L5-A8NF-01A-11R-A37I-31","TCGA-L5-A8NF-01A-11R-A37I-31",18.0418228070175,"TCGA-ESCA"
"TCGA-2H-A9GL-01A-12R-A37I-31","TCGA-2H-A9GL-01A-12R-A37I-31",20.6221561403509,"TCGA-ESCA"
"TCGA-LN-A49K-01A-11R-A24K-31","TCGA-LN-A49K-01A-11R-A24K-31",11.4220456140351,"TCGA-ESCA"
"TCGA-VR-AA7B-01A-31R-A406-31","TCGA-VR-AA7B-01A-31R-A406-31",49.7677070175439,"TCGA-ESCA"
"TCGA-R6-A6L6-01B-11R-A336-31","TCGA-R6-A6L6-01B-11R-A336-31",20.8336245614035,"TCGA-ESCA"
"TCGA-IG-A5S3-01A-11R-A28J-31","TCGA-IG-A5S3-01A-11R-A28J-31",20.7784105263158,"TCGA-ESCA"
"TCGA-LN-A9FQ-01A-31R-A38D-31","TCGA-LN-A9FQ-01A-31R-A38D-31",43.758701754386,"TCGA-ESCA"
"TCGA-JY-A6FD-01A-11R-A336-31","TCGA-JY-A6FD-01A-11R-A336-31",12.7124350877193,"TCGA-ESCA"
"TCGA-L5-A43H-01A-11R-A24K-31","TCGA-L5-A43H-01A-11R-A24K-31",17.3840035087719,"TCGA-ESCA"
"TCGA-IC-A6RE-01A-11R-A336-31","TCGA-IC-A6RE-01A-11R-A336-31",13.5619438596491,"TCGA-ESCA"
"TCGA-2H-A9GM-01A-11R-A37I-31","TCGA-2H-A9GM-01A-11R-A37I-31",18.0025789473684,"TCGA-ESCA"
"TCGA-IG-A4P3-01A-11R-A260-31","TCGA-IG-A4P3-01A-11R-A260-31",10.127450877193,"TCGA-ESCA"
"TCGA-L7-A56G-01A-21R-A260-31","TCGA-L7-A56G-01A-21R-A260-31",13.5549649122807,"TCGA-ESCA"
"TCGA-LN-A7HY-01A-12R-A354-31","TCGA-LN-A7HY-01A-12R-A354-31",73.2843385964912,"TCGA-ESCA"
"TCGA-IG-A97I-01A-11R-A38D-31","TCGA-IG-A97I-01A-11R-A38D-31",26.6126298245614,"TCGA-ESCA"
"TCGA-R6-A6XQ-01B-11R-A336-31","TCGA-R6-A6XQ-01B-11R-A336-31",5.08667719298246,"TCGA-ESCA"
"TCGA-LN-A7HX-01A-11R-A336-31","TCGA-LN-A7HX-01A-11R-A336-31",25.9417263157895,"TCGA-ESCA"
"TCGA-XP-A8T8-01A-11R-A36D-31","TCGA-XP-A8T8-01A-11R-A36D-31",9.83367368421053,"TCGA-ESCA"
"TCGA-R6-A6KZ-01A-11R-A31P-31","TCGA-R6-A6KZ-01A-11R-A31P-31",22.7123333333333,"TCGA-ESCA"
"TCGA-JY-A6F8-01A-11R-A336-31","TCGA-JY-A6F8-01A-11R-A336-31",20.9473403508772,"TCGA-ESCA"
"TCGA-RE-A7BO-01A-11R-A336-31","TCGA-RE-A7BO-01A-11R-A336-31",13.8722684210526,"TCGA-ESCA"
"TCGA-LN-A49U-01A-31R-A260-31","TCGA-LN-A49U-01A-31R-A260-31",67.5318877192982,"TCGA-ESCA"
"TCGA-L5-A4OT-01A-11R-A28J-31","TCGA-L5-A4OT-01A-11R-A28J-31",38.4423859649123,"TCGA-ESCA"
"TCGA-L5-A8NL-01A-12R-A37I-31","TCGA-L5-A8NL-01A-12R-A37I-31",65.1071684210526,"TCGA-ESCA"
"TCGA-V5-AASW-01A-11R-A406-31","TCGA-V5-AASW-01A-11R-A406-31",6.3877649122807,"TCGA-ESCA"
"TCGA-LN-A49N-01A-11R-A24K-31","TCGA-LN-A49N-01A-11R-A24K-31",60.6605719298246,"TCGA-ESCA"
"TCGA-L5-A4OU-01A-11R-A28J-31","TCGA-L5-A4OU-01A-11R-A28J-31",12.9833736842105,"TCGA-ESCA"
"TCGA-LN-A49X-01A-31R-A260-31","TCGA-LN-A49X-01A-31R-A260-31",52.7726298245614,"TCGA-ESCA"
"TCGA-VR-A8EU-01A-11R-A36D-31","TCGA-VR-A8EU-01A-11R-A36D-31",21.9359649122807,"TCGA-ESCA"
"TCGA-LN-A49P-01A-11R-A24K-31","TCGA-LN-A49P-01A-11R-A24K-31",18.867849122807,"TCGA-ESCA"
"TCGA-L5-A88V-01A-11R-A354-31","TCGA-L5-A88V-01A-11R-A354-31",14.9936912280702,"TCGA-ESCA"
"TCGA-V5-A7RB-01A-11R-A354-31","TCGA-V5-A7RB-01A-11R-A354-31",8.2376,"TCGA-ESCA"
"TCGA-2H-A9GI-01A-11R-A37I-31","TCGA-2H-A9GI-01A-11R-A37I-31",8.32095438596491,"TCGA-ESCA"
"TCGA-L5-A8NW-01A-11R-A37I-31","TCGA-L5-A8NW-01A-11R-A37I-31",21.6232035087719,"TCGA-ESCA"
"TCGA-VR-A8EP-01A-31R-A406-31","TCGA-VR-A8EP-01A-31R-A406-31",7.00902631578947,"TCGA-ESCA"
"TCGA-L7-A6VZ-01A-12R-A336-31","TCGA-L7-A6VZ-01A-12R-A336-31",7.72991228070175,"TCGA-ESCA"
"TCGA-L5-A893-01A-11R-A36D-31","TCGA-L5-A893-01A-11R-A36D-31",15.0482771929825,"TCGA-ESCA"
"TCGA-ZR-A9CJ-01B-11R-A38D-31","TCGA-ZR-A9CJ-01B-11R-A38D-31",63.2133035087719,"TCGA-ESCA"
"TCGA-CV-7423-01A-11R-2081-07","TCGA-CV-7423-01A-11R-2081-07",24.8311684210526,"TCGA-HNSC"
"TCGA-DQ-7595-01A-11R-2232-07","TCGA-DQ-7595-01A-11R-2232-07",12.9028754385965,"TCGA-HNSC"
"TCGA-CR-7377-01A-11R-2016-07","TCGA-CR-7377-01A-11R-2016-07",47.4859,"TCGA-HNSC"
"TCGA-CR-7371-01A-11R-2016-07","TCGA-CR-7371-01A-11R-2016-07",26.7983526315789,"TCGA-HNSC"
"TCGA-T2-A6X0-01A-11R-A34R-07","TCGA-T2-A6X0-01A-11R-A34R-07",11.7806666666667,"TCGA-HNSC"
"TCGA-WA-A7GZ-01A-11R-A34R-07","TCGA-WA-A7GZ-01A-11R-A34R-07",31.7144368421053,"TCGA-HNSC"
"TCGA-CV-A463-01A-11R-A266-07","TCGA-CV-A463-01A-11R-A266-07",8.04054912280702,"TCGA-HNSC"
"TCGA-D6-6823-01A-11R-1915-07","TCGA-D6-6823-01A-11R-1915-07",17.497049122807,"TCGA-HNSC"
"TCGA-CR-7374-01A-11R-2016-07","TCGA-CR-7374-01A-11R-2016-07",13.0685719298246,"TCGA-HNSC"
"TCGA-D6-A6EN-01A-11R-A31N-07","TCGA-D6-A6EN-01A-11R-A31N-07",6.1016298245614,"TCGA-HNSC"
"TCGA-CV-7415-01A-11R-2081-07","TCGA-CV-7415-01A-11R-2081-07",44.121298245614,"TCGA-HNSC"
"TCGA-BB-A5HU-01A-11R-A28V-07","TCGA-BB-A5HU-01A-11R-A28V-07",65.6417877192983,"TCGA-HNSC"
"TCGA-CV-6937-01A-11R-2016-07","TCGA-CV-6937-01A-11R-2016-07",25.1560824561403,"TCGA-HNSC"
"TCGA-CV-7414-01A-11R-2081-07","TCGA-CV-7414-01A-11R-2081-07",36.7961754385965,"TCGA-HNSC"
"TCGA-CR-7399-01A-11R-2016-07","TCGA-CR-7399-01A-11R-2016-07",16.1813315789474,"TCGA-HNSC"
"TCGA-CV-5441-01A-01R-1514-07","TCGA-CV-5441-01A-01R-1514-07",26.0404228070175,"TCGA-HNSC"
"TCGA-MT-A67A-01A-11R-A30B-07","TCGA-MT-A67A-01A-11R-A30B-07",7.24531578947368,"TCGA-HNSC"
"TCGA-CN-6019-01A-11R-1686-07","TCGA-CN-6019-01A-11R-1686-07",145.791998245614,"TCGA-HNSC"
"TCGA-CQ-7068-01A-11R-2081-07","TCGA-CQ-7068-01A-11R-2081-07",7.56174035087719,"TCGA-HNSC"
"TCGA-CV-7410-01A-21R-2081-07","TCGA-CV-7410-01A-21R-2081-07",34.5413578947368,"TCGA-HNSC"
"TCGA-CQ-5323-01A-01R-1686-07","TCGA-CQ-5323-01A-01R-1686-07",13.0502947368421,"TCGA-HNSC"
"TCGA-DQ-7593-01A-11R-2232-07","TCGA-DQ-7593-01A-11R-2232-07",7.91282105263158,"TCGA-HNSC"
"TCGA-BB-4225-01A-01R-1436-07","TCGA-BB-4225-01A-01R-1436-07",9.51768421052632,"TCGA-HNSC"
"TCGA-CN-6021-01A-11R-1686-07","TCGA-CN-6021-01A-11R-1686-07",12.6910543859649,"TCGA-HNSC"
"TCGA-CN-6023-01A-11R-1686-07","TCGA-CN-6023-01A-11R-1686-07",8.61251578947368,"TCGA-HNSC"
"TCGA-CN-6022-01A-21R-1686-07","TCGA-CN-6022-01A-21R-1686-07",50.4677666666667,"TCGA-HNSC"
"TCGA-CV-7089-01A-11R-2016-07","TCGA-CV-7089-01A-11R-2016-07",9.46268421052632,"TCGA-HNSC"
"TCGA-F7-A620-01A-11R-A28V-07","TCGA-F7-A620-01A-11R-A28V-07",13.4671105263158,"TCGA-HNSC"
"TCGA-BB-7862-01A-21R-2232-07","TCGA-BB-7862-01A-21R-2232-07",43.9557035087719,"TCGA-HNSC"
"TCGA-CN-4741-01A-01R-1436-07","TCGA-CN-4741-01A-01R-1436-07",16.3489298245614,"TCGA-HNSC"
"TCGA-CV-7255-01A-11R-2016-07","TCGA-CV-7255-01A-11R-2016-07",23.0035789473684,"TCGA-HNSC"
"TCGA-CX-7082-01A-11R-2016-07","TCGA-CX-7082-01A-11R-2016-07",21.3686140350877,"TCGA-HNSC"
"TCGA-CN-6997-01A-11R-2016-07","TCGA-CN-6997-01A-11R-2016-07",20.9066666666667,"TCGA-HNSC"
"TCGA-P3-A6SX-01A-11R-A34R-07","TCGA-P3-A6SX-01A-11R-A34R-07",24.8050771929825,"TCGA-HNSC"
"TCGA-DQ-5629-01A-01R-1873-07","TCGA-DQ-5629-01A-01R-1873-07",21.7799315789474,"TCGA-HNSC"
"TCGA-UF-A7JH-01A-21R-A34R-07","TCGA-UF-A7JH-01A-21R-A34R-07",49.5347087719298,"TCGA-HNSC"
"TCGA-CR-7368-01A-11R-2132-07","TCGA-CR-7368-01A-11R-2132-07",16.3849035087719,"TCGA-HNSC"
"TCGA-BA-A6D8-01A-31R-A31N-07","TCGA-BA-A6D8-01A-31R-A31N-07",17.4437070175439,"TCGA-HNSC"
"TCGA-CN-5356-01A-01R-1436-07","TCGA-CN-5356-01A-01R-1436-07",36.1432789473684,"TCGA-HNSC"
"TCGA-CV-7427-01A-11R-2081-07","TCGA-CV-7427-01A-11R-2081-07",7.84560175438596,"TCGA-HNSC"
"TCGA-CV-7261-01A-11R-2016-07","TCGA-CV-7261-01A-11R-2016-07",34.5545245614035,"TCGA-HNSC"
"TCGA-D6-A6EK-01A-11R-A31N-07","TCGA-D6-A6EK-01A-11R-A31N-07",7.4424298245614,"TCGA-HNSC"
"TCGA-CV-A45O-01A-21R-A24H-07","TCGA-CV-A45O-01A-21R-A24H-07",7.3285350877193,"TCGA-HNSC"
"TCGA-CQ-7063-01A-11R-2403-07","TCGA-CQ-7063-01A-11R-2403-07",10.4662105263158,"TCGA-HNSC"
"TCGA-CQ-A4CH-01A-11R-A266-07","TCGA-CQ-A4CH-01A-11R-A266-07",19.1351,"TCGA-HNSC"
"TCGA-D6-A6EO-01A-11R-A31N-07","TCGA-D6-A6EO-01A-11R-A31N-07",8.82348070175439,"TCGA-HNSC"
"TCGA-TN-A7HJ-01A-12R-A34R-07","TCGA-TN-A7HJ-01A-12R-A34R-07",9.53537192982456,"TCGA-HNSC"
"TCGA-F7-A622-01A-11R-A28V-07","TCGA-F7-A622-01A-11R-A28V-07",7.68797543859649,"TCGA-HNSC"
"TCGA-BB-7871-01A-11R-2232-07","TCGA-BB-7871-01A-11R-2232-07",39.2073192982456,"TCGA-HNSC"
"TCGA-F7-8298-01A-11R-2403-07","TCGA-F7-8298-01A-11R-2403-07",33.9206157894737,"TCGA-HNSC"
"TCGA-UF-A7JA-01A-12R-A34R-07","TCGA-UF-A7JA-01A-12R-A34R-07",46.4318473684211,"TCGA-HNSC"
"TCGA-CV-6936-01A-11R-1915-07","TCGA-CV-6936-01A-11R-1915-07",17.2500631578947,"TCGA-HNSC"
"TCGA-CN-4733-01A-02R-1873-07","TCGA-CN-4733-01A-02R-1873-07",56.8255807017544,"TCGA-HNSC"
"TCGA-CV-7245-01A-11R-2016-07","TCGA-CV-7245-01A-11R-2016-07",38.0711929824561,"TCGA-HNSC"
"TCGA-BA-6868-01B-12R-1915-07","TCGA-BA-6868-01B-12R-1915-07",32.9114087719298,"TCGA-HNSC"
"TCGA-CN-5355-01A-01R-1436-07","TCGA-CN-5355-01A-01R-1436-07",59.3443333333333,"TCGA-HNSC"
"TCGA-UF-A71B-01A-12R-A34R-07","TCGA-UF-A71B-01A-12R-A34R-07",27.9395719298246,"TCGA-HNSC"
"TCGA-MZ-A5BI-01A-31R-A34R-07","TCGA-MZ-A5BI-01A-31R-A34R-07",10.1928157894737,"TCGA-HNSC"
"TCGA-CV-A45U-01A-12R-A24H-07","TCGA-CV-A45U-01A-12R-A24H-07",12.8561614035088,"TCGA-HNSC"
"TCGA-CQ-6229-01A-11R-1915-07","TCGA-CQ-6229-01A-11R-1915-07",17.8458912280702,"TCGA-HNSC"
"TCGA-CV-A45Q-01A-11R-A24H-07","TCGA-CV-A45Q-01A-11R-A24H-07",7.13841228070175,"TCGA-HNSC"
"TCGA-D6-A6EQ-01A-11R-A31N-07","TCGA-D6-A6EQ-01A-11R-A31N-07",31.5442526315789,"TCGA-HNSC"
"TCGA-CV-7099-01A-41R-2016-07","TCGA-CV-7099-01A-41R-2016-07",7.8327,"TCGA-HNSC"
"TCGA-CV-5966-01A-11R-1686-07","TCGA-CV-5966-01A-11R-1686-07",16.613801754386,"TCGA-HNSC"
"TCGA-CR-6492-01A-12R-2081-07","TCGA-CR-6492-01A-12R-2081-07",13.9184175438596,"TCGA-HNSC"
"TCGA-BA-7269-01A-11R-2016-07","TCGA-BA-7269-01A-11R-2016-07",32.9181771929825,"TCGA-HNSC"
"TCGA-P3-A5Q6-01A-11R-A28V-07","TCGA-P3-A5Q6-01A-11R-A28V-07",58.5302210526316,"TCGA-HNSC"
"TCGA-CV-6951-01A-11R-1915-07","TCGA-CV-6951-01A-11R-1915-07",15.3501684210526,"TCGA-HNSC"
"TCGA-T3-A92N-01A-11R-A39I-07","TCGA-T3-A92N-01A-11R-A39I-07",11.5579070175439,"TCGA-HNSC"
"TCGA-BA-A4II-01A-11R-A266-07","TCGA-BA-A4II-01A-11R-A266-07",19.8475789473684,"TCGA-HNSC"
"TCGA-CQ-5327-01A-01R-1686-07","TCGA-CQ-5327-01A-01R-1686-07",9.89638771929825,"TCGA-HNSC"
"TCGA-UF-A7JD-01A-11R-A34R-07","TCGA-UF-A7JD-01A-11R-A34R-07",79.3545070175439,"TCGA-HNSC"
"TCGA-CN-4729-01A-01R-1436-07","TCGA-CN-4729-01A-01R-1436-07",33.7242473684211,"TCGA-HNSC"
"TCGA-CV-7253-01A-11R-2016-07","TCGA-CV-7253-01A-11R-2016-07",13.613350877193,"TCGA-HNSC"
"TCGA-F7-A50J-01A-21R-A28V-07","TCGA-F7-A50J-01A-21R-A28V-07",17.3392105263158,"TCGA-HNSC"
"TCGA-CN-4739-01A-02R-1514-07","TCGA-CN-4739-01A-02R-1514-07",12.2152614035088,"TCGA-HNSC"
"TCGA-D6-8569-01A-11R-2403-07","TCGA-D6-8569-01A-11R-2403-07",23.2126859649123,"TCGA-HNSC"
"TCGA-H7-8502-01A-11R-2403-07","TCGA-H7-8502-01A-11R-2403-07",28.6727859649123,"TCGA-HNSC"
"TCGA-CN-A49A-01A-11R-A24H-07","TCGA-CN-A49A-01A-11R-A24H-07",37.3498403508772,"TCGA-HNSC"
"TCGA-CR-5250-01A-01R-1514-07","TCGA-CR-5250-01A-01R-1514-07",18.9026543859649,"TCGA-HNSC"
"TCGA-CV-6948-01A-11R-1915-07","TCGA-CV-6948-01A-11R-1915-07",9.38645263157895,"TCGA-HNSC"
"TCGA-BB-7864-01A-11R-2232-07","TCGA-BB-7864-01A-11R-2232-07",13.7616228070175,"TCGA-HNSC"
"TCGA-BA-4078-01A-01R-1436-07","TCGA-BA-4078-01A-01R-1436-07",67.1847736842105,"TCGA-HNSC"
"TCGA-CV-6950-01A-11R-1915-07","TCGA-CV-6950-01A-11R-1915-07",25.1196438596491,"TCGA-HNSC"
"TCGA-CN-A6V3-01A-12R-A34R-07","TCGA-CN-A6V3-01A-12R-A34R-07",10.6152526315789,"TCGA-HNSC"
"TCGA-DQ-7590-01A-11R-2232-07","TCGA-DQ-7590-01A-11R-2232-07",23.4526964912281,"TCGA-HNSC"
"TCGA-CV-7180-01A-11R-2016-07","TCGA-CV-7180-01A-11R-2016-07",7.73878771929825,"TCGA-HNSC"
"TCGA-CN-5373-01A-01R-1436-07","TCGA-CN-5373-01A-01R-1436-07",54.6335210526316,"TCGA-HNSC"
"TCGA-P3-A6T4-01A-11R-A34R-07","TCGA-P3-A6T4-01A-11R-A34R-07",12.8283894736842,"TCGA-HNSC"
"TCGA-BA-A6DE-01A-22R-A31N-07","TCGA-BA-A6DE-01A-22R-A31N-07",14.6977280701754,"TCGA-HNSC"
"TCGA-BA-A6DA-01A-31R-A31N-07","TCGA-BA-A6DA-01A-31R-A31N-07",8.89119122807018,"TCGA-HNSC"
"TCGA-CR-7392-01A-11R-2016-07","TCGA-CR-7392-01A-11R-2016-07",64.2936701754386,"TCGA-HNSC"
"TCGA-DQ-5631-01A-01R-1873-07","TCGA-DQ-5631-01A-01R-1873-07",39.7452473684211,"TCGA-HNSC"
"TCGA-CR-6484-01A-11R-1873-07","TCGA-CR-6484-01A-11R-1873-07",51.363650877193,"TCGA-HNSC"
"TCGA-CQ-6219-01A-11R-1915-07","TCGA-CQ-6219-01A-11R-1915-07",32.1184122807018,"TCGA-HNSC"
"TCGA-BA-5555-01A-01R-1514-07","TCGA-BA-5555-01A-01R-1514-07",11.6367210526316,"TCGA-HNSC"
"TCGA-HD-8314-01A-11R-2403-07","TCGA-HD-8314-01A-11R-2403-07",12.926898245614,"TCGA-HNSC"
"TCGA-RS-A6TP-01A-12R-A34R-07","TCGA-RS-A6TP-01A-12R-A34R-07",6.24141754385965,"TCGA-HNSC"
"TCGA-CV-7101-01A-11R-2016-07","TCGA-CV-7101-01A-11R-2016-07",16.4943403508772,"TCGA-HNSC"
"TCGA-CV-A45Y-01A-11R-A24Z-07","TCGA-CV-A45Y-01A-11R-A24Z-07",87.6060456140351,"TCGA-HNSC"
"TCGA-BA-A6DG-01A-21R-A30B-07","TCGA-BA-A6DG-01A-21R-A30B-07",89.336801754386,"TCGA-HNSC"
"TCGA-CR-7370-01A-11R-2132-07","TCGA-CR-7370-01A-11R-2132-07",21.450501754386,"TCGA-HNSC"
"TCGA-MZ-A6I9-01A-11R-A31N-07","TCGA-MZ-A6I9-01A-11R-A31N-07",6.73454385964912,"TCGA-HNSC"
"TCGA-P3-A6SW-01A-11R-A34R-07","TCGA-P3-A6SW-01A-11R-A34R-07",14.4977263157895,"TCGA-HNSC"
"TCGA-CV-7103-01A-21R-2016-07","TCGA-CV-7103-01A-21R-2016-07",100.344250877193,"TCGA-HNSC"
"TCGA-CV-7433-01A-11R-2132-07","TCGA-CV-7433-01A-11R-2132-07",97.4236298245614,"TCGA-HNSC"
"TCGA-CN-6989-01A-11R-1915-07","TCGA-CN-6989-01A-11R-1915-07",85.0879789473684,"TCGA-HNSC"
"TCGA-F7-A61V-01A-11R-A28V-07","TCGA-F7-A61V-01A-11R-A28V-07",9.03109298245614,"TCGA-HNSC"
"TCGA-UF-A719-01A-12R-A34R-07","TCGA-UF-A719-01A-12R-A34R-07",10.8776666666667,"TCGA-HNSC"
"TCGA-CR-6488-01A-12R-2081-07","TCGA-CR-6488-01A-12R-2081-07",35.0150754385965,"TCGA-HNSC"
"TCGA-CR-7386-01A-11R-2016-07","TCGA-CR-7386-01A-11R-2016-07",158.193226315789,"TCGA-HNSC"
"TCGA-CV-7407-01A-11R-2081-07","TCGA-CV-7407-01A-11R-2081-07",9.79297192982456,"TCGA-HNSC"
"TCGA-CV-7250-01A-11R-2016-07","TCGA-CV-7250-01A-11R-2016-07",7.20372280701754,"TCGA-HNSC"
"TCGA-CN-A49C-01A-11R-A24H-07","TCGA-CN-A49C-01A-11R-A24H-07",10.6492105263158,"TCGA-HNSC"
"TCGA-CV-A6JT-01A-11R-A31N-07","TCGA-CV-A6JT-01A-11R-A31N-07",61.271398245614,"TCGA-HNSC"
"TCGA-CV-7238-01A-11R-2016-07","TCGA-CV-7238-01A-11R-2016-07",22.0950578947368,"TCGA-HNSC"
"TCGA-D6-A4ZB-01A-11R-A24Z-07","TCGA-D6-A4ZB-01A-11R-A24Z-07",16.6473894736842,"TCGA-HNSC"
"TCGA-MZ-A7D7-01A-21R-A34R-07","TCGA-MZ-A7D7-01A-21R-A34R-07",11.9593070175439,"TCGA-HNSC"
"TCGA-WA-A7H4-01A-21R-A34R-07","TCGA-WA-A7H4-01A-21R-A34R-07",46.1372140350877,"TCGA-HNSC"
"TCGA-CN-4728-01A-01R-1436-07","TCGA-CN-4728-01A-01R-1436-07",130.656929824561,"TCGA-HNSC"
"TCGA-HD-A4C1-01A-11R-A24H-07","TCGA-HD-A4C1-01A-11R-A24H-07",21.669998245614,"TCGA-HNSC"
"TCGA-CR-7364-01A-11R-2016-07","TCGA-CR-7364-01A-11R-2016-07",16.5391631578947,"TCGA-HNSC"
"TCGA-UF-A71D-01A-12R-A34R-07","TCGA-UF-A71D-01A-12R-A34R-07",6.5224,"TCGA-HNSC"
"TCGA-CR-7393-01A-11R-2016-07","TCGA-CR-7393-01A-11R-2016-07",37.4827736842105,"TCGA-HNSC"
"TCGA-CV-5436-01A-01R-1514-07","TCGA-CV-5436-01A-01R-1514-07",27.4203929824561,"TCGA-HNSC"
"TCGA-BB-7863-01A-11R-2232-07","TCGA-BB-7863-01A-11R-2232-07",9.95971052631579,"TCGA-HNSC"
"TCGA-UF-A7JO-01A-11R-A34R-07","TCGA-UF-A7JO-01A-11R-A34R-07",16.3789701754386,"TCGA-HNSC"
"TCGA-CV-7243-01A-11R-2016-07","TCGA-CV-7243-01A-11R-2016-07",56.9546245614035,"TCGA-HNSC"
"TCGA-CV-6935-01A-11R-1915-07","TCGA-CV-6935-01A-11R-1915-07",41.4620736842105,"TCGA-HNSC"
"TCGA-P3-A5QE-01A-11R-A28V-07","TCGA-P3-A5QE-01A-11R-A28V-07",8.54677543859649,"TCGA-HNSC"
"TCGA-BA-5558-01A-01R-1514-07","TCGA-BA-5558-01A-01R-1514-07",15.7662596491228,"TCGA-HNSC"
"TCGA-BA-6869-01A-11R-1873-07","TCGA-BA-6869-01A-11R-1873-07",8.70989122807018,"TCGA-HNSC"
"TCGA-CV-7254-01A-11R-2016-07","TCGA-CV-7254-01A-11R-2016-07",56.4767666666667,"TCGA-HNSC"
"TCGA-IQ-A6SG-01A-12R-A34R-07","TCGA-IQ-A6SG-01A-12R-A34R-07",12.7460473684211,"TCGA-HNSC"
"TCGA-C9-A47Z-01A-11R-A24H-07","TCGA-C9-A47Z-01A-11R-A24H-07",12.2954385964912,"TCGA-HNSC"
"TCGA-D6-6825-01A-21R-1915-07","TCGA-D6-6825-01A-21R-1915-07",24.3090385964912,"TCGA-HNSC"
"TCGA-CR-5247-01A-01R-2016-07","TCGA-CR-5247-01A-01R-2016-07",106.285175438596,"TCGA-HNSC"
"TCGA-CN-6016-01A-11R-1686-07","TCGA-CN-6016-01A-11R-1686-07",183.935729824561,"TCGA-HNSC"
"TCGA-CQ-5332-01A-01R-1686-07","TCGA-CQ-5332-01A-01R-1686-07",33.5348052631579,"TCGA-HNSC"
"TCGA-BB-7861-01A-11R-2232-07","TCGA-BB-7861-01A-11R-2232-07",8.75538596491228,"TCGA-HNSC"
"TCGA-BA-5556-01A-01R-1514-07","TCGA-BA-5556-01A-01R-1514-07",14.4722614035088,"TCGA-HNSC"
"TCGA-P3-A6T6-01A-11R-A34R-07","TCGA-P3-A6T6-01A-11R-A34R-07",4.74234736842105,"TCGA-HNSC"
"TCGA-CR-7401-01A-11R-2016-07","TCGA-CR-7401-01A-11R-2016-07",83.0685315789474,"TCGA-HNSC"
"TCGA-BB-7870-01A-11R-2232-07","TCGA-BB-7870-01A-11R-2232-07",6.3006350877193,"TCGA-HNSC"
"TCGA-BA-A6DB-01A-11R-A30B-07","TCGA-BA-A6DB-01A-11R-A30B-07",21.3610964912281,"TCGA-HNSC"
"TCGA-CR-7388-01A-11R-2016-07","TCGA-CR-7388-01A-11R-2016-07",28.5717771929825,"TCGA-HNSC"
"TCGA-CV-5977-01A-11R-1686-07","TCGA-CV-5977-01A-11R-1686-07",15.0455263157895,"TCGA-HNSC"
"TCGA-CQ-7071-01A-12R-A30B-07","TCGA-CQ-7071-01A-12R-A30B-07",28.6286245614035,"TCGA-HNSC"
"TCGA-D6-6824-01A-11R-1915-07","TCGA-D6-6824-01A-11R-1915-07",36.3046754385965,"TCGA-HNSC"
"TCGA-IQ-A6SH-01A-12R-A34R-07","TCGA-IQ-A6SH-01A-12R-A34R-07",14.1076403508772,"TCGA-HNSC"
"TCGA-BA-5152-01A-02R-1873-07","TCGA-BA-5152-01A-02R-1873-07",40.2637105263158,"TCGA-HNSC"
"TCGA-CQ-5329-01A-01R-1686-07","TCGA-CQ-5329-01A-01R-1686-07",28.9004649122807,"TCGA-HNSC"
"TCGA-BB-A5HY-01A-11R-A28V-07","TCGA-BB-A5HY-01A-11R-A28V-07",19.152350877193,"TCGA-HNSC"
"TCGA-CN-6998-01A-23R-2016-07","TCGA-CN-6998-01A-23R-2016-07",9.47682105263158,"TCGA-HNSC"
"TCGA-CN-A6V1-01A-12R-A34R-07","TCGA-CN-A6V1-01A-12R-A34R-07",5.71600877192982,"TCGA-HNSC"
"TCGA-BB-A6UM-01A-12R-A34R-07","TCGA-BB-A6UM-01A-12R-A34R-07",5.78539122807018,"TCGA-HNSC"
"TCGA-CN-5361-01A-01R-1436-07","TCGA-CN-5361-01A-01R-1436-07",74.9735771929825,"TCGA-HNSC"
"TCGA-CV-7090-01A-11R-2016-07","TCGA-CV-7090-01A-11R-2016-07",51.8088929824561,"TCGA-HNSC"
"TCGA-CQ-7069-01A-11R-2403-07","TCGA-CQ-7069-01A-11R-2403-07",33.4076719298246,"TCGA-HNSC"
"TCGA-CV-A6JY-01A-11R-A31N-07","TCGA-CV-A6JY-01A-11R-A31N-07",5.8127350877193,"TCGA-HNSC"
"TCGA-CQ-5333-01A-01R-2403-07","TCGA-CQ-5333-01A-01R-2403-07",12.9609561403509,"TCGA-HNSC"
"TCGA-CV-7438-01A-21R-2132-07","TCGA-CV-7438-01A-21R-2132-07",27.0537596491228,"TCGA-HNSC"
"TCGA-CV-A6JM-01A-11R-A31N-07","TCGA-CV-A6JM-01A-11R-A31N-07",10.281650877193,"TCGA-HNSC"
"TCGA-BA-A6DJ-01A-11R-A30B-07","TCGA-BA-A6DJ-01A-11R-A30B-07",21.2177631578947,"TCGA-HNSC"
"TCGA-DQ-7596-01A-11R-2232-07","TCGA-DQ-7596-01A-11R-2232-07",4.22139298245614,"TCGA-HNSC"
"TCGA-HD-7831-01A-11R-2132-07","TCGA-HD-7831-01A-11R-2132-07",248.690222807018,"TCGA-HNSC"
"TCGA-CN-4736-01A-01R-1436-07","TCGA-CN-4736-01A-01R-1436-07",35.3189859649123,"TCGA-HNSC"
"TCGA-CV-A6JN-01A-11R-A31N-07","TCGA-CV-A6JN-01A-11R-A31N-07",8.64913333333333,"TCGA-HNSC"
"TCGA-CV-5440-01A-01R-1514-07","TCGA-CV-5440-01A-01R-1514-07",12.9494824561404,"TCGA-HNSC"
"TCGA-HD-7754-01A-11R-2081-07","TCGA-HD-7754-01A-11R-2081-07",58.4758315789474,"TCGA-HNSC"
"TCGA-UF-A71E-01A-31R-A34R-07","TCGA-UF-A71E-01A-31R-A34R-07",23.7161596491228,"TCGA-HNSC"
"TCGA-MT-A67D-01A-31R-A30B-07","TCGA-MT-A67D-01A-31R-A30B-07",24.3117315789474,"TCGA-HNSC"
"TCGA-UF-A7JV-01A-11R-A34R-07","TCGA-UF-A7JV-01A-11R-A34R-07",27.1980140350877,"TCGA-HNSC"
"TCGA-UF-A7JT-01A-11R-A34R-07","TCGA-UF-A7JT-01A-11R-A34R-07",21.7718789473684,"TCGA-HNSC"
"TCGA-P3-A6T3-01A-11R-A34R-07","TCGA-P3-A6T3-01A-11R-A34R-07",18.0479263157895,"TCGA-HNSC"
"TCGA-CN-5364-01A-01R-1436-07","TCGA-CN-5364-01A-01R-1436-07",26.0166245614035,"TCGA-HNSC"
"TCGA-CV-5971-01A-11R-1686-07","TCGA-CV-5971-01A-11R-1686-07",51.1497333333333,"TCGA-HNSC"
"TCGA-UF-A7JS-01A-11R-A34R-07","TCGA-UF-A7JS-01A-11R-A34R-07",14.4398807017544,"TCGA-HNSC"
"TCGA-CQ-7065-01A-11R-2081-07","TCGA-CQ-7065-01A-11R-2081-07",15.1398456140351,"TCGA-HNSC"
"TCGA-CQ-5334-01A-01R-1686-07","TCGA-CQ-5334-01A-01R-1686-07",68.1864245614035,"TCGA-HNSC"
"TCGA-UF-A718-01A-22R-A34R-07","TCGA-UF-A718-01A-22R-A34R-07",47.3617947368421,"TCGA-HNSC"
"TCGA-CN-A63U-01A-11R-A30B-07","TCGA-CN-A63U-01A-11R-A30B-07",7.04291228070175,"TCGA-HNSC"
"TCGA-CV-A45P-01A-11R-A24H-07","TCGA-CV-A45P-01A-11R-A24H-07",9.34402807017544,"TCGA-HNSC"
"TCGA-CV-A468-01A-11R-A266-07","TCGA-CV-A468-01A-11R-A266-07",47.758552631579,"TCGA-HNSC"
"TCGA-CR-7367-01A-11R-2016-07","TCGA-CR-7367-01A-11R-2016-07",115.534535087719,"TCGA-HNSC"
"TCGA-QK-A6IF-01A-11R-A31N-07","TCGA-QK-A6IF-01A-11R-A31N-07",17.021998245614,"TCGA-HNSC"
"TCGA-CV-5979-01A-11R-1686-07","TCGA-CV-5979-01A-11R-1686-07",21.729749122807,"TCGA-HNSC"
"TCGA-CV-7418-01A-11R-2081-07","TCGA-CV-7418-01A-11R-2081-07",10.9580736842105,"TCGA-HNSC"
"TCGA-CV-7252-01A-11R-2016-07","TCGA-CV-7252-01A-11R-2016-07",26.3340403508772,"TCGA-HNSC"
"TCGA-CQ-A4CI-01A-11R-A266-07","TCGA-CQ-A4CI-01A-11R-A266-07",29.2042526315789,"TCGA-HNSC"
"TCGA-KU-A66T-01A-11R-A30B-07","TCGA-KU-A66T-01A-11R-A30B-07",24.6018824561404,"TCGA-HNSC"
"TCGA-CV-A464-01A-11R-A266-07","TCGA-CV-A464-01A-11R-A266-07",65.4623771929825,"TCGA-HNSC"
"TCGA-BA-A4IF-01A-11R-A266-07","TCGA-BA-A4IF-01A-11R-A266-07",16.5443105263158,"TCGA-HNSC"
"TCGA-CN-5363-01A-01R-1436-07","TCGA-CN-5363-01A-01R-1436-07",36.6444298245614,"TCGA-HNSC"
"TCGA-CV-7091-01A-11R-2016-07","TCGA-CV-7091-01A-11R-2016-07",32.1456929824561,"TCGA-HNSC"
"TCGA-CV-6933-01A-11R-1915-07","TCGA-CV-6933-01A-11R-1915-07",26.4210824561404,"TCGA-HNSC"
"TCGA-CX-7085-01A-21R-2016-07","TCGA-CX-7085-01A-21R-2016-07",77.4333456140351,"TCGA-HNSC"
"TCGA-CV-6942-01A-21R-2016-07","TCGA-CV-6942-01A-21R-2016-07",32.4919052631579,"TCGA-HNSC"
"TCGA-UF-A71A-01A-22R-A34R-07","TCGA-UF-A71A-01A-22R-A34R-07",36.5706192982456,"TCGA-HNSC"
"TCGA-QK-A8Z7-01A-11R-A39I-07","TCGA-QK-A8Z7-01A-11R-A39I-07",12.5038087719298,"TCGA-HNSC"
"TCGA-CV-6960-01A-41R-2016-07","TCGA-CV-6960-01A-41R-2016-07",13.8788929824561,"TCGA-HNSC"
"TCGA-CV-A45W-01A-11R-A24Z-07","TCGA-CV-A45W-01A-11R-A24Z-07",14.5215385964912,"TCGA-HNSC"
"TCGA-CV-7422-01A-21R-2081-07","TCGA-CV-7422-01A-21R-2081-07",28.7046333333333,"TCGA-HNSC"
"TCGA-CV-7235-01A-11R-2016-07","TCGA-CV-7235-01A-11R-2016-07",78.6693140350877,"TCGA-HNSC"
"TCGA-CN-5366-01A-01R-1436-07","TCGA-CN-5366-01A-01R-1436-07",51.1665807017544,"TCGA-HNSC"
"TCGA-D6-6826-01A-11R-1915-07","TCGA-D6-6826-01A-11R-1915-07",30.8752666666667,"TCGA-HNSC"
"TCGA-HD-7832-01A-11R-2132-07","TCGA-HD-7832-01A-11R-2132-07",14.7633473684211,"TCGA-HNSC"
"TCGA-QK-A6IG-01A-11R-A31N-07","TCGA-QK-A6IG-01A-11R-A31N-07",13.3159473684211,"TCGA-HNSC"
"TCGA-CV-7248-01A-11R-2016-07","TCGA-CV-7248-01A-11R-2016-07",20.1470280701754,"TCGA-HNSC"
"TCGA-CN-A498-01A-11R-A24H-07","TCGA-CN-A498-01A-11R-A24H-07",18.631849122807,"TCGA-HNSC"
"TCGA-CN-4730-01A-01R-1436-07","TCGA-CN-4730-01A-01R-1436-07",10.7395052631579,"TCGA-HNSC"
"TCGA-BB-8601-01A-11R-2403-07","TCGA-BB-8601-01A-11R-2403-07",4.63530175438597,"TCGA-HNSC"
"TCGA-D6-A6EP-01A-11R-A31N-07","TCGA-D6-A6EP-01A-11R-A31N-07",72.3725824561403,"TCGA-HNSC"
"TCGA-MT-A51X-01A-11R-A266-07","TCGA-MT-A51X-01A-11R-A266-07",23.3069333333333,"TCGA-HNSC"
"TCGA-CV-7236-01A-11R-2016-07","TCGA-CV-7236-01A-11R-2016-07",34.4671719298246,"TCGA-HNSC"
"TCGA-CN-6995-01A-31R-2016-07","TCGA-CN-6995-01A-31R-2016-07",11.9490842105263,"TCGA-HNSC"
"TCGA-P3-A5Q5-01A-11R-A28V-07","TCGA-P3-A5Q5-01A-11R-A28V-07",6.03493859649123,"TCGA-HNSC"
"TCGA-QK-A6II-01A-11R-A31N-07","TCGA-QK-A6II-01A-11R-A31N-07",5.53565263157895,"TCGA-HNSC"
"TCGA-UF-A7JF-01A-11R-A34R-07","TCGA-UF-A7JF-01A-11R-A34R-07",9.0535649122807,"TCGA-HNSC"
"TCGA-CN-4725-01A-01R-1436-07","TCGA-CN-4725-01A-01R-1436-07",15.9403947368421,"TCGA-HNSC"
"TCGA-D6-6827-01A-11R-1915-07","TCGA-D6-6827-01A-11R-1915-07",15.7565228070175,"TCGA-HNSC"
"TCGA-CV-5442-01A-01R-1514-07","TCGA-CV-5442-01A-01R-1514-07",5.37904385964912,"TCGA-HNSC"
"TCGA-QK-A8ZB-01A-11R-A39I-07","TCGA-QK-A8ZB-01A-11R-A39I-07",58.5591543859649,"TCGA-HNSC"
"TCGA-QK-A6VC-01A-23R-A34R-07","TCGA-QK-A6VC-01A-23R-A34R-07",15.4620315789474,"TCGA-HNSC"
"TCGA-BA-6872-01A-11R-1873-07","TCGA-BA-6872-01A-11R-1873-07",27.7633877192982,"TCGA-HNSC"
"TCGA-CV-5439-01A-01R-1686-07","TCGA-CV-5439-01A-01R-1686-07",5.20866315789474,"TCGA-HNSC"
"TCGA-DQ-7591-01A-11R-2081-07","TCGA-DQ-7591-01A-11R-2081-07",8.04232456140351,"TCGA-HNSC"
"TCGA-CV-A6K1-01A-11R-A31N-07","TCGA-CV-A6K1-01A-11R-A31N-07",10.7428894736842,"TCGA-HNSC"
"TCGA-CV-6954-01A-11R-1915-07","TCGA-CV-6954-01A-11R-1915-07",26.1844192982456,"TCGA-HNSC"
"TCGA-CV-6961-01A-21R-1915-07","TCGA-CV-6961-01A-21R-1915-07",31.4338438596491,"TCGA-HNSC"
"TCGA-CQ-5325-01A-01R-1686-07","TCGA-CQ-5325-01A-01R-1686-07",33.4975754385965,"TCGA-HNSC"
"TCGA-CV-6003-01A-11R-1686-07","TCGA-CV-6003-01A-11R-1686-07",8.88938771929825,"TCGA-HNSC"
"TCGA-CN-6988-01A-11R-1915-07","TCGA-CN-6988-01A-11R-1915-07",8.88192456140351,"TCGA-HNSC"
"TCGA-CV-A6JD-01A-11R-A31N-07","TCGA-CV-A6JD-01A-11R-A31N-07",29.0279561403509,"TCGA-HNSC"
"TCGA-HD-8224-01A-11R-2403-07","TCGA-HD-8224-01A-11R-2403-07",19.5757543859649,"TCGA-HNSC"
"TCGA-CN-4742-01A-02R-1514-07","TCGA-CN-4742-01A-02R-1514-07",72.6305456140351,"TCGA-HNSC"
"TCGA-CV-7429-01A-11R-2132-07","TCGA-CV-7429-01A-11R-2132-07",32.1307175438596,"TCGA-HNSC"
"TCGA-P3-A5QF-01A-11R-A28V-07","TCGA-P3-A5QF-01A-11R-A28V-07",5.90838596491228,"TCGA-HNSC"
"TCGA-CR-7372-01A-11R-2016-07","TCGA-CR-7372-01A-11R-2016-07",44.4474912280702,"TCGA-HNSC"
"TCGA-P3-A6T5-01A-11R-A34R-07","TCGA-P3-A6T5-01A-11R-A34R-07",27.6093298245614,"TCGA-HNSC"
"TCGA-CR-6482-01A-11R-1873-07","TCGA-CR-6482-01A-11R-1873-07",20.5303877192982,"TCGA-HNSC"
"TCGA-F7-A624-01A-22R-A30B-07","TCGA-F7-A624-01A-22R-A30B-07",5.51585964912281,"TCGA-HNSC"
"TCGA-CN-6996-01A-11R-1915-07","TCGA-CN-6996-01A-11R-1915-07",24.9507614035088,"TCGA-HNSC"
"TCGA-QK-A652-01A-11R-A30B-07","TCGA-QK-A652-01A-11R-A30B-07",21.903801754386,"TCGA-HNSC"
"TCGA-CV-7242-01A-11R-2016-07","TCGA-CV-7242-01A-11R-2016-07",17.1234210526316,"TCGA-HNSC"
"TCGA-TN-A7HL-01A-11R-A34R-07","TCGA-TN-A7HL-01A-11R-A34R-07",5.38792280701754,"TCGA-HNSC"
"TCGA-CV-A6JZ-01A-11R-A31N-07","TCGA-CV-A6JZ-01A-11R-A31N-07",33.6438263157895,"TCGA-HNSC"
"TCGA-CV-5444-01A-02R-1514-07","TCGA-CV-5444-01A-02R-1514-07",111.218007017544,"TCGA-HNSC"
"TCGA-CV-6934-01A-11R-1915-07","TCGA-CV-6934-01A-11R-1915-07",108.484296491228,"TCGA-HNSC"
"TCGA-CN-4731-01A-01R-1436-07","TCGA-CN-4731-01A-01R-1436-07",38.8417052631579,"TCGA-HNSC"
"TCGA-MT-A67F-01A-11R-A30B-07","TCGA-MT-A67F-01A-11R-A30B-07",11.3964964912281,"TCGA-HNSC"
"TCGA-F7-8489-01A-31R-2403-07","TCGA-F7-8489-01A-31R-2403-07",32.6733333333333,"TCGA-HNSC"
"TCGA-CR-7380-01A-11R-2016-07","TCGA-CR-7380-01A-11R-2016-07",46.4267263157895,"TCGA-HNSC"
"TCGA-DQ-5625-01A-01R-1873-07","TCGA-DQ-5625-01A-01R-1873-07",19.6587964912281,"TCGA-HNSC"
"TCGA-UF-A7JC-01A-21R-A34R-07","TCGA-UF-A7JC-01A-21R-A34R-07",10.2989877192982,"TCGA-HNSC"
"TCGA-BA-A4IG-01A-11R-A266-07","TCGA-BA-A4IG-01A-11R-A266-07",7.33985789473684,"TCGA-HNSC"
"TCGA-CN-5370-01A-01R-2016-07","TCGA-CN-5370-01A-01R-2016-07",76.1404385964912,"TCGA-HNSC"
"TCGA-CN-6018-01A-11R-1686-07","TCGA-CN-6018-01A-11R-1686-07",62.5124175438596,"TCGA-HNSC"
"TCGA-D6-A4Z9-01A-11R-A24Z-07","TCGA-D6-A4Z9-01A-11R-A24Z-07",16.4264964912281,"TCGA-HNSC"
"TCGA-BB-8596-01A-11R-2403-07","TCGA-BB-8596-01A-11R-2403-07",78.7160122807018,"TCGA-HNSC"
"TCGA-CN-5360-01A-01R-1436-07","TCGA-CN-5360-01A-01R-1436-07",14.9573385964912,"TCGA-HNSC"
"TCGA-CV-6441-01A-11R-1686-07","TCGA-CV-6441-01A-11R-1686-07",10.2758964912281,"TCGA-HNSC"
"TCGA-H7-A76A-01A-51R-A34R-07","TCGA-H7-A76A-01A-51R-A34R-07",59.6276245614035,"TCGA-HNSC"
"TCGA-CV-7102-01A-11R-2016-07","TCGA-CV-7102-01A-11R-2016-07",59.7515649122807,"TCGA-HNSC"
"TCGA-CN-A6V6-01A-12R-A34R-07","TCGA-CN-A6V6-01A-12R-A34R-07",10.8251228070175,"TCGA-HNSC"
"TCGA-CQ-6227-01A-11R-1915-07","TCGA-CQ-6227-01A-11R-1915-07",34.2904719298246,"TCGA-HNSC"
"TCGA-CQ-A4C6-01A-11R-A24Z-07","TCGA-CQ-A4C6-01A-11R-A24Z-07",28.0277175438597,"TCGA-HNSC"
"TCGA-CV-7247-01A-11R-2016-07","TCGA-CV-7247-01A-11R-2016-07",26.6425947368421,"TCGA-HNSC"
"TCGA-KU-A66S-01A-21R-A30B-07","TCGA-KU-A66S-01A-21R-A30B-07",10.8941859649123,"TCGA-HNSC"
"TCGA-D6-8568-01A-11R-2403-07","TCGA-D6-8568-01A-11R-2403-07",29.2093210526316,"TCGA-HNSC"
"TCGA-CR-6491-01A-11R-1873-07","TCGA-CR-6491-01A-11R-1873-07",16.1478175438596,"TCGA-HNSC"
"TCGA-CN-A641-01A-11R-A30B-07","TCGA-CN-A641-01A-11R-A30B-07",7.31712456140351,"TCGA-HNSC"
"TCGA-CV-7411-01A-11R-2081-07","TCGA-CV-7411-01A-11R-2081-07",29.9290052631579,"TCGA-HNSC"
"TCGA-IQ-7632-01A-11R-2081-07","TCGA-IQ-7632-01A-11R-2081-07",14.9428631578947,"TCGA-HNSC"
"TCGA-CN-A6UY-01A-12R-A34R-07","TCGA-CN-A6UY-01A-12R-A34R-07",7.15948771929825,"TCGA-HNSC"
"TCGA-CN-5367-01A-01R-1436-07","TCGA-CN-5367-01A-01R-1436-07",18.0974280701754,"TCGA-HNSC"
"TCGA-DQ-7594-01A-11R-2232-07","TCGA-DQ-7594-01A-11R-2232-07",12.7723929824561,"TCGA-HNSC"
"TCGA-CV-7434-01A-11R-2132-07","TCGA-CV-7434-01A-11R-2132-07",15.2421333333333,"TCGA-HNSC"
"TCGA-QK-A6VB-01A-12R-A34R-07","TCGA-QK-A6VB-01A-12R-A34R-07",17.2146105263158,"TCGA-HNSC"
"TCGA-CQ-6218-01A-11R-1915-07","TCGA-CQ-6218-01A-11R-1915-07",26.4436315789474,"TCGA-HNSC"
"TCGA-CN-A6V7-01A-12R-A34R-07","TCGA-CN-A6V7-01A-12R-A34R-07",6.37221052631579,"TCGA-HNSC"
"TCGA-QK-AA3J-01A-11R-A39I-07","TCGA-QK-AA3J-01A-11R-A39I-07",6.31423859649123,"TCGA-HNSC"
"TCGA-CR-7390-01A-11R-2016-07","TCGA-CR-7390-01A-11R-2016-07",44.0916035087719,"TCGA-HNSC"
"TCGA-CQ-A4CB-01A-11R-A24Z-07","TCGA-CQ-A4CB-01A-11R-A24Z-07",46.8256315789474,"TCGA-HNSC"
"TCGA-UF-A7JJ-01A-11R-A34R-07","TCGA-UF-A7JJ-01A-11R-A34R-07",99.9724964912281,"TCGA-HNSC"
"TCGA-CN-6994-01A-11R-1915-07","TCGA-CN-6994-01A-11R-1915-07",45.8225912280702,"TCGA-HNSC"
"TCGA-CQ-A4C9-01A-11R-A24Z-07","TCGA-CQ-A4C9-01A-11R-A24Z-07",23.4600122807018,"TCGA-HNSC"
"TCGA-MT-A51W-01A-21R-A266-07","TCGA-MT-A51W-01A-21R-A266-07",12.1479842105263,"TCGA-HNSC"
"TCGA-CN-A49B-01A-31R-A24H-07","TCGA-CN-A49B-01A-31R-A24H-07",14.5763070175439,"TCGA-HNSC"
"TCGA-CV-A465-01A-11R-A266-07","TCGA-CV-A465-01A-11R-A266-07",8.55242807017544,"TCGA-HNSC"
"TCGA-CN-6013-01A-11R-1686-07","TCGA-CN-6013-01A-11R-1686-07",13.1704298245614,"TCGA-HNSC"
"TCGA-T2-A6X2-01A-12R-A34R-07","TCGA-T2-A6X2-01A-12R-A34R-07",28.0925824561403,"TCGA-HNSC"
"TCGA-4P-AA8J-01A-11R-A39I-07","TCGA-4P-AA8J-01A-11R-A39I-07",64.1577929824561,"TCGA-HNSC"
"TCGA-CN-A497-01A-11R-A24H-07","TCGA-CN-A497-01A-11R-A24H-07",23.4704035087719,"TCGA-HNSC"
"TCGA-CQ-5324-01A-01R-1686-07","TCGA-CQ-5324-01A-01R-1686-07",21.0757122807018,"TCGA-HNSC"
"TCGA-F7-A50I-01A-11R-A28V-07","TCGA-F7-A50I-01A-11R-A28V-07",27.1019105263158,"TCGA-HNSC"
"TCGA-F7-A61S-01A-11R-A28V-07","TCGA-F7-A61S-01A-11R-A28V-07",8.33434385964912,"TCGA-HNSC"
"TCGA-P3-A6T7-01A-11R-A34R-07","TCGA-P3-A6T7-01A-11R-A34R-07",15.7824403508772,"TCGA-HNSC"
"TCGA-BA-4076-01A-01R-1436-07","TCGA-BA-4076-01A-01R-1436-07",10.9639070175439,"TCGA-HNSC"
"TCGA-CV-6952-01A-11R-1915-07","TCGA-CV-6952-01A-11R-1915-07",17.3597052631579,"TCGA-HNSC"
"TCGA-BB-7872-01A-11R-2232-07","TCGA-BB-7872-01A-11R-2232-07",58.0270263157895,"TCGA-HNSC"
"TCGA-P3-A5QA-01A-11R-A28V-07","TCGA-P3-A5QA-01A-11R-A28V-07",60.2376596491228,"TCGA-HNSC"
"TCGA-F7-7848-01A-11R-2132-07","TCGA-F7-7848-01A-11R-2132-07",18.2270719298246,"TCGA-HNSC"
"TCGA-UF-A7J9-01A-12R-A34R-07","TCGA-UF-A7J9-01A-12R-A34R-07",88.7619263157895,"TCGA-HNSC"
"TCGA-CR-7391-01A-11R-2016-07","TCGA-CR-7391-01A-11R-2016-07",34.7954824561403,"TCGA-HNSC"
"TCGA-CV-6436-01A-11R-1686-07","TCGA-CV-6436-01A-11R-1686-07",6.69099122807018,"TCGA-HNSC"
"TCGA-CR-7369-01A-11R-2132-07","TCGA-CR-7369-01A-11R-2132-07",28.5339385964912,"TCGA-HNSC"
"TCGA-F7-A50G-01A-11R-A266-07","TCGA-F7-A50G-01A-11R-A266-07",15.4613298245614,"TCGA-HNSC"
"TCGA-CV-A6JO-01B-11R-A34R-07","TCGA-CV-A6JO-01B-11R-A34R-07",11.7802614035088,"TCGA-HNSC"
"TCGA-QK-A8ZA-01A-11R-A39I-07","TCGA-QK-A8ZA-01A-11R-A39I-07",6.97597543859649,"TCGA-HNSC"
"TCGA-TN-A7HI-01A-11R-A34R-07","TCGA-TN-A7HI-01A-11R-A34R-07",13.2216105263158,"TCGA-HNSC"
"TCGA-QK-A8Z9-01B-11R-A39I-07","TCGA-QK-A8Z9-01B-11R-A39I-07",123.759298245614,"TCGA-HNSC"
"TCGA-CR-6487-01A-11R-1873-07","TCGA-CR-6487-01A-11R-1873-07",12.342801754386,"TCGA-HNSC"
"TCGA-CV-6962-01A-11R-1915-07","TCGA-CV-6962-01A-11R-1915-07",10.9966736842105,"TCGA-HNSC"
"TCGA-KU-A6H8-01A-21R-A34R-07","TCGA-KU-A6H8-01A-21R-A34R-07",14.8326228070175,"TCGA-HNSC"
"TCGA-CV-7097-01A-11R-2016-07","TCGA-CV-7097-01A-11R-2016-07",37.4896824561404,"TCGA-HNSC"
"TCGA-HL-7533-01A-11R-2232-07","TCGA-HL-7533-01A-11R-2232-07",12.7688368421053,"TCGA-HNSC"
"TCGA-CR-6474-01A-11R-1873-07","TCGA-CR-6474-01A-11R-1873-07",109.821489473684,"TCGA-HNSC"
"TCGA-CN-A63T-01A-11R-A28V-07","TCGA-CN-A63T-01A-11R-A28V-07",14.5240964912281,"TCGA-HNSC"
"TCGA-IQ-A61I-01A-11R-A30B-07","TCGA-IQ-A61I-01A-11R-A30B-07",5.75387543859649,"TCGA-HNSC"
"TCGA-CN-5369-01A-01R-1436-07","TCGA-CN-5369-01A-01R-1436-07",26.2845245614035,"TCGA-HNSC"
"TCGA-CR-6480-01A-11R-1873-07","TCGA-CR-6480-01A-11R-1873-07",6.58482631578947,"TCGA-HNSC"
"TCGA-BA-A4IH-01A-11R-A266-07","TCGA-BA-A4IH-01A-11R-A266-07",15.5255280701754,"TCGA-HNSC"
"TCGA-QK-A6IJ-01A-11R-A31N-07","TCGA-QK-A6IJ-01A-11R-A31N-07",6.83875438596491,"TCGA-HNSC"
"TCGA-BA-6873-01A-11R-1873-07","TCGA-BA-6873-01A-11R-1873-07",25.1053894736842,"TCGA-HNSC"
"TCGA-CN-5359-01A-01R-1436-07","TCGA-CN-5359-01A-01R-1436-07",76.4001473684211,"TCGA-HNSC"
"TCGA-MT-A7BN-01A-12R-A34R-07","TCGA-MT-A7BN-01A-12R-A34R-07",27.5142789473684,"TCGA-HNSC"
"TCGA-HD-A633-01A-11R-A28V-07","TCGA-HD-A633-01A-11R-A28V-07",21.8534333333333,"TCGA-HNSC"
"TCGA-QK-A6IH-01A-11R-A31N-07","TCGA-QK-A6IH-01A-11R-A31N-07",21.1407140350877,"TCGA-HNSC"
"TCGA-CV-6945-01A-11R-1915-07","TCGA-CV-6945-01A-11R-1915-07",28.464798245614,"TCGA-HNSC"
"TCGA-CQ-A4CD-01A-21R-A24Z-07","TCGA-CQ-A4CD-01A-21R-A24Z-07",15.9548666666667,"TCGA-HNSC"
"TCGA-CR-7383-01A-11R-2132-07","TCGA-CR-7383-01A-11R-2132-07",54.4104,"TCGA-HNSC"
"TCGA-BB-7866-01A-11R-2232-07","TCGA-BB-7866-01A-11R-2232-07",10.9583385964912,"TCGA-HNSC"
"TCGA-CV-5443-01A-01R-1514-07","TCGA-CV-5443-01A-01R-1514-07",13.8639192982456,"TCGA-HNSC"
"TCGA-CX-A4AQ-01A-11R-A24Z-07","TCGA-CX-A4AQ-01A-11R-A24Z-07",27.6332614035088,"TCGA-HNSC"
"TCGA-CV-5976-01A-11R-1686-07","TCGA-CV-5976-01A-11R-1686-07",25.1096,"TCGA-HNSC"
"TCGA-UF-A7JK-01A-11R-A34R-07","TCGA-UF-A7JK-01A-11R-A34R-07",21.7237175438596,"TCGA-HNSC"
"TCGA-CV-5970-01A-11R-1686-07","TCGA-CV-5970-01A-11R-1686-07",34.9925070175439,"TCGA-HNSC"
"TCGA-CN-6017-01A-11R-1686-07","TCGA-CN-6017-01A-11R-1686-07",48.9958596491228,"TCGA-HNSC"
"TCGA-CR-7373-01A-11R-2016-07","TCGA-CR-7373-01A-11R-2016-07",15.3562157894737,"TCGA-HNSC"
"TCGA-BB-4217-01A-11R-2081-07","TCGA-BB-4217-01A-11R-2081-07",11.1590368421053,"TCGA-HNSC"
"TCGA-CV-A45T-01A-11R-A24H-07","TCGA-CV-A45T-01A-11R-A24H-07",13.6458315789474,"TCGA-HNSC"
"TCGA-CV-6943-01A-11R-1915-07","TCGA-CV-6943-01A-11R-1915-07",106.770431578947,"TCGA-HNSC"
"TCGA-CR-6467-01A-11R-1873-07","TCGA-CR-6467-01A-11R-1873-07",10.0557298245614,"TCGA-HNSC"
"TCGA-CV-6940-01A-11R-1915-07","TCGA-CV-6940-01A-11R-1915-07",25.8362350877193,"TCGA-HNSC"
"TCGA-T2-A6WX-01A-12R-A34R-07","TCGA-T2-A6WX-01A-12R-A34R-07",10.4789912280702,"TCGA-HNSC"
"TCGA-CV-6956-01A-21R-2016-07","TCGA-CV-6956-01A-21R-2016-07",14.4892649122807,"TCGA-HNSC"
"TCGA-D6-6515-01A-21R-1873-07","TCGA-D6-6515-01A-21R-1873-07",52.6371368421053,"TCGA-HNSC"
"TCGA-CV-7178-01A-21R-2016-07","TCGA-CV-7178-01A-21R-2016-07",62.6900157894737,"TCGA-HNSC"
"TCGA-P3-A6T8-01A-11R-A34R-07","TCGA-P3-A6T8-01A-11R-A34R-07",131.267135087719,"TCGA-HNSC"
"TCGA-F7-A61W-01A-11R-A28V-07","TCGA-F7-A61W-01A-11R-A28V-07",12.1876456140351,"TCGA-HNSC"
"TCGA-CV-5973-01A-11R-1686-07","TCGA-CV-5973-01A-11R-1686-07",7.33734736842105,"TCGA-HNSC"
"TCGA-CN-6012-01A-11R-1686-07","TCGA-CN-6012-01A-11R-1686-07",15.6718614035088,"TCGA-HNSC"
"TCGA-CV-7100-01A-11R-2016-07","TCGA-CV-7100-01A-11R-2016-07",32.2196929824561,"TCGA-HNSC"
"TCGA-IQ-A61H-01A-11R-A30B-07","TCGA-IQ-A61H-01A-11R-A30B-07",17.8705403508772,"TCGA-HNSC"
"TCGA-CV-7428-01A-11R-2132-07","TCGA-CV-7428-01A-11R-2132-07",13.2186684210526,"TCGA-HNSC"
"TCGA-CV-A45R-01A-11R-A24H-07","TCGA-CV-A45R-01A-11R-A24H-07",62.8614947368421,"TCGA-HNSC"
"TCGA-DQ-5630-01A-01R-1873-07","TCGA-DQ-5630-01A-01R-1873-07",43.4406754385965,"TCGA-HNSC"
"TCGA-CR-7402-01A-11R-2016-07","TCGA-CR-7402-01A-11R-2016-07",13.7796035087719,"TCGA-HNSC"
"TCGA-HD-A6HZ-01A-12R-A31N-07","TCGA-HD-A6HZ-01A-12R-A31N-07",24.2835614035088,"TCGA-HNSC"
"TCGA-CN-6020-01A-11R-1686-07","TCGA-CN-6020-01A-11R-1686-07",38.5579175438597,"TCGA-HNSC"
"TCGA-CV-7263-01A-11R-2016-07","TCGA-CV-7263-01A-11R-2016-07",44.8855789473684,"TCGA-HNSC"
"TCGA-CV-A45V-01A-21R-A24Z-07","TCGA-CV-A45V-01A-21R-A24Z-07",23.8526140350877,"TCGA-HNSC"
"TCGA-CN-4723-01A-01R-1436-07","TCGA-CN-4723-01A-01R-1436-07",37.2813526315789,"TCGA-HNSC"
"TCGA-CQ-6220-01A-11R-1915-07","TCGA-CQ-6220-01A-11R-1915-07",11.1214912280702,"TCGA-HNSC"
"TCGA-CN-4738-01A-02R-1514-07","TCGA-CN-4738-01A-02R-1514-07",11.407901754386,"TCGA-HNSC"
"TCGA-CR-6481-01A-11R-1873-07","TCGA-CR-6481-01A-11R-1873-07",16.5012157894737,"TCGA-HNSC"
"TCGA-CR-7385-01A-11R-2016-07","TCGA-CR-7385-01A-11R-2016-07",7.90908596491228,"TCGA-HNSC"
"TCGA-CQ-5330-01A-01R-1686-07","TCGA-CQ-5330-01A-01R-1686-07",58.705001754386,"TCGA-HNSC"
"TCGA-HD-A634-01A-11R-A28V-07","TCGA-HD-A634-01A-11R-A28V-07",4.59750350877193,"TCGA-HNSC"
"TCGA-CV-A6K2-01A-11R-A31N-07","TCGA-CV-A6K2-01A-11R-A31N-07",32.4402280701754,"TCGA-HNSC"
"TCGA-CN-A642-01A-12R-A30B-07","TCGA-CN-A642-01A-12R-A30B-07",15.1990438596491,"TCGA-HNSC"
"TCGA-BA-A8YP-01A-11R-A39I-07","TCGA-BA-A8YP-01A-11R-A39I-07",60.5765035087719,"TCGA-HNSC"
"TCGA-CN-A499-01A-11R-A24H-07","TCGA-CN-A499-01A-11R-A24H-07",10.5777,"TCGA-HNSC"
"TCGA-CR-7397-01A-11R-2016-07","TCGA-CR-7397-01A-11R-2016-07",129.587938596491,"TCGA-HNSC"
"TCGA-HD-7917-01A-11R-2232-07","TCGA-HD-7917-01A-11R-2232-07",12.5927315789474,"TCGA-HNSC"
"TCGA-CV-6953-01A-11R-1915-07","TCGA-CV-6953-01A-11R-1915-07",6.35651052631579,"TCGA-HNSC"
"TCGA-CV-5430-01A-02R-1686-07","TCGA-CV-5430-01A-02R-1686-07",14.2183859649123,"TCGA-HNSC"
"TCGA-BA-5151-01A-01R-1436-07","TCGA-BA-5151-01A-01R-1436-07",21.1117421052632,"TCGA-HNSC"
"TCGA-P3-A6T2-01A-11R-A34R-07","TCGA-P3-A6T2-01A-11R-A34R-07",23.582549122807,"TCGA-HNSC"
"TCGA-BA-4074-01A-01R-1436-07","TCGA-BA-4074-01A-01R-1436-07",51.819701754386,"TCGA-HNSC"
"TCGA-CR-7395-01A-11R-2016-07","TCGA-CR-7395-01A-11R-2016-07",29.2035157894737,"TCGA-HNSC"
"TCGA-CR-7365-01A-11R-2016-07","TCGA-CR-7365-01A-11R-2016-07",50.477549122807,"TCGA-HNSC"
"TCGA-CR-5248-01A-01R-2016-07","TCGA-CR-5248-01A-01R-2016-07",7.27855614035088,"TCGA-HNSC"
"TCGA-CV-7104-01A-11R-2016-07","TCGA-CV-7104-01A-11R-2016-07",28.6709298245614,"TCGA-HNSC"
"TCGA-KU-A6H7-01A-11R-A31N-07","TCGA-KU-A6H7-01A-11R-A31N-07",8.52298596491228,"TCGA-HNSC"
"TCGA-QK-A8Z8-01A-11R-A39I-07","TCGA-QK-A8Z8-01A-11R-A39I-07",13.1572666666667,"TCGA-HNSC"
"TCGA-CV-7409-01A-31R-2232-07","TCGA-CV-7409-01A-31R-2232-07",9.66839298245614,"TCGA-HNSC"
"TCGA-CX-7086-01A-11R-2081-07","TCGA-CX-7086-01A-11R-2081-07",8.21920701754386,"TCGA-HNSC"
"TCGA-CN-6010-01A-11R-1686-07","TCGA-CN-6010-01A-11R-1686-07",18.2620701754386,"TCGA-HNSC"
"TCGA-CV-A6JU-01A-11R-A31N-07","TCGA-CV-A6JU-01A-11R-A31N-07",14.9699245614035,"TCGA-HNSC"
"TCGA-CV-7413-01A-11R-2081-07","TCGA-CV-7413-01A-11R-2081-07",55.6004350877193,"TCGA-HNSC"
"TCGA-BA-5153-01A-01R-1436-07","TCGA-BA-5153-01A-01R-1436-07",19.1679929824561,"TCGA-HNSC"
"TCGA-CR-7376-01A-11R-2132-07","TCGA-CR-7376-01A-11R-2132-07",149.405614035088,"TCGA-HNSC"
"TCGA-CR-6493-01A-11R-1873-07","TCGA-CR-6493-01A-11R-1873-07",12.2000894736842,"TCGA-HNSC"
"TCGA-D6-A6ES-01A-12R-A31N-07","TCGA-D6-A6ES-01A-12R-A31N-07",5.02677894736842,"TCGA-HNSC"
"TCGA-DQ-5624-01A-01R-1873-07","TCGA-DQ-5624-01A-01R-1873-07",37.4986789473684,"TCGA-HNSC"
"TCGA-CN-5358-01A-01R-1514-07","TCGA-CN-5358-01A-01R-1514-07",101.18808245614,"TCGA-HNSC"
"TCGA-CN-4722-01A-01R-1436-07","TCGA-CN-4722-01A-01R-1436-07",29.7464526315789,"TCGA-HNSC"
"TCGA-CR-6477-01A-11R-1873-07","TCGA-CR-6477-01A-11R-1873-07",59.7402578947368,"TCGA-HNSC"
"TCGA-CN-4734-01A-01R-1436-07","TCGA-CN-4734-01A-01R-1436-07",34.0151175438597,"TCGA-HNSC"
"TCGA-RS-A6TO-01A-32R-A34R-07","TCGA-RS-A6TO-01A-32R-A34R-07",32.3473245614035,"TCGA-HNSC"
"TCGA-CN-A63V-01A-11R-A466-07","TCGA-CN-A63V-01A-11R-A466-07",80.7111175438596,"TCGA-HNSC"
"TCGA-IQ-A61O-01A-11R-A30B-07","TCGA-IQ-A61O-01A-11R-A30B-07",329.313657894737,"TCGA-HNSC"
"TCGA-BA-6871-01A-11R-1873-07","TCGA-BA-6871-01A-11R-1873-07",99.5372456140351,"TCGA-HNSC"
"TCGA-CN-6024-01A-11R-1686-07","TCGA-CN-6024-01A-11R-1686-07",33.2236052631579,"TCGA-HNSC"
"TCGA-CV-7406-01A-11R-2081-07","TCGA-CV-7406-01A-11R-2081-07",31.363349122807,"TCGA-HNSC"
"TCGA-DQ-7588-01A-11R-2081-07","TCGA-DQ-7588-01A-11R-2081-07",11.3043929824561,"TCGA-HNSC"
"TCGA-CQ-7067-01A-11R-2232-07","TCGA-CQ-7067-01A-11R-2232-07",18.9037263157895,"TCGA-HNSC"
"TCGA-CQ-6221-01A-11R-2081-07","TCGA-CQ-6221-01A-11R-2081-07",407.74151754386,"TCGA-HNSC"
"TCGA-CV-7568-01A-11R-2232-07","TCGA-CV-7568-01A-11R-2232-07",64.6831403508772,"TCGA-HNSC"
"TCGA-BB-4223-01A-01R-1436-07","TCGA-BB-4223-01A-01R-1436-07",13.9535543859649,"TCGA-HNSC"
"TCGA-DQ-7589-01A-11R-2232-07","TCGA-DQ-7589-01A-11R-2232-07",24.1677754385965,"TCGA-HNSC"
"TCGA-CV-7440-01A-11R-2132-07","TCGA-CV-7440-01A-11R-2132-07",17.0475087719298,"TCGA-HNSC"
"TCGA-HD-7229-01A-11R-2016-07","TCGA-HD-7229-01A-11R-2016-07",18.6115175438596,"TCGA-HNSC"
"TCGA-BA-5557-01A-01R-1514-07","TCGA-BA-5557-01A-01R-1514-07",99.8562210526316,"TCGA-HNSC"
"TCGA-CN-6992-01A-11R-1915-07","TCGA-CN-6992-01A-11R-1915-07",21.7516894736842,"TCGA-HNSC"
"TCGA-BA-5559-01A-01R-1514-07","TCGA-BA-5559-01A-01R-1514-07",26.4045192982456,"TCGA-HNSC"
"TCGA-HD-8634-01A-11R-2403-07","TCGA-HD-8634-01A-11R-2403-07",7.97376842105263,"TCGA-HNSC"
"TCGA-CN-4727-01A-01R-1436-07","TCGA-CN-4727-01A-01R-1436-07",22.0757877192982,"TCGA-HNSC"
"TCGA-BB-4227-01A-01R-1873-07","TCGA-BB-4227-01A-01R-1873-07",10.9482070175439,"TCGA-HNSC"
"TCGA-CN-A63W-01A-11R-A30B-07","TCGA-CN-A63W-01A-11R-A30B-07",14.5701368421053,"TCGA-HNSC"
"TCGA-BB-4228-01A-01R-1436-07","TCGA-BB-4228-01A-01R-1436-07",17.0831526315789,"TCGA-HNSC"
"TCGA-BA-4075-01A-01R-1436-07","TCGA-BA-4075-01A-01R-1436-07",9.71274561403509,"TCGA-HNSC"
"TCGA-CV-7424-01A-11R-2081-07","TCGA-CV-7424-01A-11R-2081-07",61.898350877193,"TCGA-HNSC"
"TCGA-CV-5431-01A-01R-1514-07","TCGA-CV-5431-01A-01R-1514-07",48.1911754385965,"TCGA-HNSC"
"TCGA-BA-5149-01A-01R-1514-07","TCGA-BA-5149-01A-01R-1514-07",28.0019263157895,"TCGA-HNSC"
"TCGA-CV-5435-01A-01R-1686-07","TCGA-CV-5435-01A-01R-1686-07",23.4963280701754,"TCGA-HNSC"
"TCGA-BB-A6UO-01A-12R-A34R-07","TCGA-BB-A6UO-01A-12R-A34R-07",35.6058684210526,"TCGA-HNSC"
"TCGA-CR-6470-01A-11R-1873-07","TCGA-CR-6470-01A-11R-1873-07",32.222649122807,"TCGA-HNSC"
"TCGA-CR-7404-01A-11R-2132-07","TCGA-CR-7404-01A-11R-2132-07",11.4163245614035,"TCGA-HNSC"
"TCGA-CR-7394-01A-11R-2016-07","TCGA-CR-7394-01A-11R-2016-07",44.0604929824561,"TCGA-HNSC"
"TCGA-CV-7425-01A-11R-2081-07","TCGA-CV-7425-01A-11R-2081-07",12.340098245614,"TCGA-HNSC"
"TCGA-IQ-A61E-01A-22R-A30B-07","TCGA-IQ-A61E-01A-22R-A30B-07",17.6604771929825,"TCGA-HNSC"
"TCGA-CV-A6K0-01B-21R-A31N-07","TCGA-CV-A6K0-01B-21R-A31N-07",29.9951666666667,"TCGA-HNSC"
"TCGA-CV-6433-01A-11R-1686-07","TCGA-CV-6433-01A-11R-1686-07",6.7438350877193,"TCGA-HNSC"
"TCGA-CQ-7072-01A-21R-A30B-07","TCGA-CQ-7072-01A-21R-A30B-07",130.949087719298,"TCGA-HNSC"
"TCGA-IQ-A61J-01A-11R-A30B-07","TCGA-IQ-A61J-01A-11R-A30B-07",39.1082877192982,"TCGA-HNSC"
"TCGA-CN-5374-01A-01R-1436-07","TCGA-CN-5374-01A-01R-1436-07",7.81609824561404,"TCGA-HNSC"
"TCGA-CV-7095-01A-21R-2016-07","TCGA-CV-7095-01A-21R-2016-07",16.3621035087719,"TCGA-HNSC"
"TCGA-DQ-7592-01A-11R-2081-07","TCGA-DQ-7592-01A-11R-2081-07",30.9938543859649,"TCGA-HNSC"
"TCGA-CQ-6224-01A-11R-1915-07","TCGA-CQ-6224-01A-11R-1915-07",138.669622807018,"TCGA-HNSC"
"TCGA-CV-5432-01A-02R-1686-07","TCGA-CV-5432-01A-02R-1686-07",13.4934438596491,"TCGA-HNSC"
"TCGA-T3-A92M-01A-31R-A39I-07","TCGA-T3-A92M-01A-31R-A39I-07",52.0217666666667,"TCGA-HNSC"
"TCGA-CV-5434-01A-01R-1686-07","TCGA-CV-5434-01A-01R-1686-07",49.054650877193,"TCGA-HNSC"
"TCGA-CQ-5331-01A-02R-1873-07","TCGA-CQ-5331-01A-02R-1873-07",13.7290157894737,"TCGA-HNSC"
"TCGA-QK-A6V9-01A-11R-A34R-07","TCGA-QK-A6V9-01A-11R-A34R-07",6.33185263157895,"TCGA-HNSC"
"TCGA-CV-7183-01A-11R-2016-07","TCGA-CV-7183-01A-11R-2016-07",24.4444456140351,"TCGA-HNSC"
"TCGA-CR-7379-01A-11R-2016-07","TCGA-CR-7379-01A-11R-2016-07",55.8427333333333,"TCGA-HNSC"
"TCGA-CV-7430-01A-11R-2132-07","TCGA-CV-7430-01A-11R-2132-07",6.7905350877193,"TCGA-HNSC"
"TCGA-CQ-A4CA-01A-11R-A24Z-07","TCGA-CQ-A4CA-01A-11R-A24Z-07",20.7662964912281,"TCGA-HNSC"
"TCGA-CQ-5326-01A-01R-1873-07","TCGA-CQ-5326-01A-01R-1873-07",26.4042578947368,"TCGA-HNSC"
"TCGA-CV-A460-01A-21R-A24Z-07","TCGA-CV-A460-01A-21R-A24Z-07",27.3142754385965,"TCGA-HNSC"
"TCGA-CV-7421-01A-11R-2081-07","TCGA-CV-7421-01A-11R-2081-07",44.9935035087719,"TCGA-HNSC"
"TCGA-CQ-A4CE-01A-11R-A266-07","TCGA-CQ-A4CE-01A-11R-A266-07",7.94394561403509,"TCGA-HNSC"
"TCGA-CQ-6222-01A-11R-1915-07","TCGA-CQ-6222-01A-11R-1915-07",8.89938245614035,"TCGA-HNSC"
"TCGA-CV-5978-01A-11R-1686-07","TCGA-CV-5978-01A-11R-1686-07",68.2891684210526,"TCGA-HNSC"
"TCGA-CR-7398-01A-11R-2016-07","TCGA-CR-7398-01A-11R-2016-07",39.9119245614035,"TCGA-HNSC"
"TCGA-CQ-6228-01A-11R-1915-07","TCGA-CQ-6228-01A-11R-1915-07",19.5006929824561,"TCGA-HNSC"
"TCGA-P3-A6T0-01A-12R-A34R-07","TCGA-P3-A6T0-01A-12R-A34R-07",33.4210614035088,"TCGA-HNSC"
"TCGA-CN-4740-01A-01R-1436-07","TCGA-CN-4740-01A-01R-1436-07",127.182684210526,"TCGA-HNSC"
"TCGA-CR-5243-01A-01R-1514-07","TCGA-CR-5243-01A-01R-1514-07",33.9443245614035,"TCGA-HNSC"
"TCGA-D6-6516-01A-11R-1873-07","TCGA-D6-6516-01A-11R-1873-07",10.835649122807,"TCGA-HNSC"
"TCGA-CV-A6JE-01A-11R-A31N-07","TCGA-CV-A6JE-01A-11R-A31N-07",21.6422578947368,"TCGA-HNSC"
"TCGA-CV-A45Z-01A-21R-A24Z-07","TCGA-CV-A45Z-01A-21R-A24Z-07",18.1393456140351,"TCGA-HNSC"
"TCGA-CQ-A4CG-01A-11R-A266-07","TCGA-CQ-A4CG-01A-11R-A266-07",29.2323175438597,"TCGA-HNSC"
"TCGA-CV-6939-01A-11R-1915-07","TCGA-CV-6939-01A-11R-1915-07",15.6482754385965,"TCGA-HNSC"
"TCGA-HD-7753-01A-11R-2081-07","TCGA-HD-7753-01A-11R-2081-07",67.5136929824561,"TCGA-HNSC"
"TCGA-CR-6473-01A-11R-1873-07","TCGA-CR-6473-01A-11R-1873-07",13.2038140350877,"TCGA-HNSC"
"TCGA-C9-A480-01A-12R-A24H-07","TCGA-C9-A480-01A-12R-A24H-07",7.33261754385965,"TCGA-HNSC"
"TCGA-CV-6941-01A-11R-1915-07","TCGA-CV-6941-01A-11R-1915-07",56.7828456140351,"TCGA-HNSC"
"TCGA-CV-7432-01A-11R-2132-07","TCGA-CV-7432-01A-11R-2132-07",9.57721052631579,"TCGA-HNSC"
"TCGA-IQ-7630-01A-11R-2081-07","TCGA-IQ-7630-01A-11R-2081-07",24.2300578947368,"TCGA-HNSC"
"TCGA-D6-6517-01A-11R-1873-07","TCGA-D6-6517-01A-11R-1873-07",20.8721298245614,"TCGA-HNSC"
"TCGA-H7-A6C4-01A-11R-A30B-07","TCGA-H7-A6C4-01A-11R-A30B-07",17.2687526315789,"TCGA-HNSC"
"TCGA-BA-A6DD-01A-12R-A31N-07","TCGA-BA-A6DD-01A-12R-A31N-07",25.2698526315789,"TCGA-HNSC"
"TCGA-CV-7446-01A-11R-2232-07","TCGA-CV-7446-01A-11R-2232-07",17.9599754385965,"TCGA-HNSC"
"TCGA-CR-6471-01A-11R-1873-07","TCGA-CR-6471-01A-11R-1873-07",33.6012315789474,"TCGA-HNSC"
"TCGA-IQ-A61G-01A-11R-A30B-07","TCGA-IQ-A61G-01A-11R-A30B-07",5.97856140350877,"TCGA-HNSC"
"TCGA-CV-7177-01A-11R-2016-07","TCGA-CV-7177-01A-11R-2016-07",87.8944421052632,"TCGA-HNSC"
"TCGA-CR-5249-01A-01R-1514-07","TCGA-CR-5249-01A-01R-1514-07",15.3640228070175,"TCGA-HNSC"
"TCGA-BA-A6DL-01A-21R-A30B-07","TCGA-BA-A6DL-01A-21R-A30B-07",7.50240877192982,"TCGA-HNSC"
"TCGA-H7-7774-01A-21R-2081-07","TCGA-H7-7774-01A-21R-2081-07",5.0786,"TCGA-HNSC"
"TCGA-BA-A6DI-01A-11R-A30B-07","TCGA-BA-A6DI-01A-11R-A30B-07",9.72580877192982,"TCGA-HNSC"
"TCGA-D6-A74Q-01A-11R-A34R-07","TCGA-D6-A74Q-01A-11R-A34R-07",18.5727596491228,"TCGA-HNSC"
"TCGA-H7-8501-01A-11R-2403-07","TCGA-H7-8501-01A-11R-2403-07",15.8843614035088,"TCGA-HNSC"
"TCGA-D6-A6EM-01A-21R-A31N-07","TCGA-D6-A6EM-01A-21R-A31N-07",7.75394561403509,"TCGA-HNSC"
"TCGA-CQ-A4C7-01A-11R-A24Z-07","TCGA-CQ-A4C7-01A-11R-A24Z-07",44.5777754385965,"TCGA-HNSC"
"TCGA-BA-4077-01B-01R-1436-07","TCGA-BA-4077-01B-01R-1436-07",12.7734701754386,"TCGA-HNSC"
"TCGA-IQ-7631-01A-11R-2081-07","TCGA-IQ-7631-01A-11R-2081-07",122.168254385965,"TCGA-HNSC"
"TCGA-CV-7416-01A-11R-2081-07","TCGA-CV-7416-01A-11R-2081-07",61.9822631578947,"TCGA-HNSC"
"TCGA-CQ-6225-01A-11R-1915-07","TCGA-CQ-6225-01A-11R-1915-07",4.28523684210526,"TCGA-HNSC"
"TCGA-CV-7437-01A-21R-2132-07","TCGA-CV-7437-01A-21R-2132-07",10.2903649122807,"TCGA-HNSC"
"TCGA-CR-6472-01A-11R-1873-07","TCGA-CR-6472-01A-11R-1873-07",19.826901754386,"TCGA-HNSC"
"TCGA-CX-7219-01A-11R-2016-07","TCGA-CX-7219-01A-11R-2016-07",52.2868631578947,"TCGA-HNSC"
"TCGA-HD-8635-01A-11R-2403-07","TCGA-HD-8635-01A-11R-2403-07",21.6082210526316,"TCGA-HNSC"
"TCGA-BA-6870-01A-11R-1873-07","TCGA-BA-6870-01A-11R-1873-07",18.7585596491228,"TCGA-HNSC"
"TCGA-CR-7389-01A-11R-2016-07","TCGA-CR-7389-01A-11R-2016-07",34.4004263157895,"TCGA-HNSC"
"TCGA-QK-AA3K-01A-11R-A39I-07","TCGA-QK-AA3K-01A-11R-A39I-07",85.9826543859649,"TCGA-HNSC"
"TCGA-CR-6478-01A-11R-1873-07","TCGA-CR-6478-01A-11R-1873-07",18.4966649122807,"TCGA-HNSC"
"TCGA-HD-A6I0-01A-11R-A31N-07","TCGA-HD-A6I0-01A-11R-A31N-07",9.39985438596491,"TCGA-HNSC"
"TCGA-QK-A64Z-01A-11R-A30B-07","TCGA-QK-A64Z-01A-11R-A30B-07",22.4745245614035,"TCGA-HNSC"
"TCGA-CN-5365-01A-01R-1436-07","TCGA-CN-5365-01A-01R-1436-07",8.39038596491228,"TCGA-HNSC"
"TCGA-CN-4726-01A-01R-1436-07","TCGA-CN-4726-01A-01R-1436-07",51.8265578947368,"TCGA-HNSC"
"TCGA-BB-4224-01A-01R-1436-07","TCGA-BB-4224-01A-01R-1436-07",9.69576666666667,"TCGA-HNSC"
"TCGA-CV-6938-01A-11R-1915-07","TCGA-CV-6938-01A-11R-1915-07",7.87714912280702,"TCGA-HNSC"
"TCGA-F7-A623-01A-11R-A28V-07","TCGA-F7-A623-01A-11R-A28V-07",10.9623438596491,"TCGA-HNSC"
"TCGA-CV-7435-01A-11R-2132-07","TCGA-CV-7435-01A-11R-2132-07",105.382647368421,"TCGA-HNSC"
"TCGA-CQ-6223-01A-11R-1915-07","TCGA-CQ-6223-01A-11R-1915-07",8.40754385964912,"TCGA-HNSC"
"TCGA-CV-A45X-01A-21R-A24Z-07","TCGA-CV-A45X-01A-21R-A24Z-07",9.09945087719298,"TCGA-HNSC"
"TCGA-CV-A461-01A-41R-A266-07","TCGA-CV-A461-01A-41R-A266-07",15.0406438596491,"TCGA-HNSC"
"TCGA-CV-6955-01A-11R-2016-07","TCGA-CV-6955-01A-11R-2016-07",3.41526842105263,"TCGA-HNSC"
"TCGA-CN-6011-01A-11R-1686-07","TCGA-CN-6011-01A-11R-1686-07",24.4409947368421,"TCGA-HNSC"
"TCGA-T2-A6WZ-01A-21R-A34R-07","TCGA-T2-A6WZ-01A-21R-A34R-07",11.9121350877193,"TCGA-HNSC"
"TCGA-CN-4737-01A-01R-1436-07","TCGA-CN-4737-01A-01R-1436-07",47.3848877192982,"TCGA-HNSC"
"TCGA-BB-A5HZ-01A-21R-A28V-07","TCGA-BB-A5HZ-01A-21R-A28V-07",17.5027684210526,"TCGA-HNSC"
"TCGA-CR-7382-01A-11R-2132-07","TCGA-CR-7382-01A-11R-2132-07",79.9221473684211,"TCGA-HNSC"
"TCGA-CV-6959-01A-11R-1915-07","TCGA-CV-6959-01A-11R-1915-07",24.7729175438596,"TCGA-HNSC"
"TCGA-UP-A6WW-01A-12R-A34R-07","TCGA-UP-A6WW-01A-12R-A34R-07",20.2006368421053,"TCGA-HNSC"
"TCGA-CN-4735-01A-01R-1436-07","TCGA-CN-4735-01A-01R-1436-07",19.1248438596491,"TCGA-HNSC"
"TCGA-HZ-7918-01A-11R-2156-07","TCGA-HZ-7918-01A-11R-2156-07",56.8044701754386,"TCGA-PAAD"
"TCGA-3A-A9IS-01A-21R-A39D-07","TCGA-3A-A9IS-01A-21R-A39D-07",12.2185122807018,"TCGA-PAAD"
"TCGA-HZ-7924-01A-11R-2156-07","TCGA-HZ-7924-01A-11R-2156-07",19.4933175438596,"TCGA-PAAD"
"TCGA-IB-AAUW-01A-12R-A38C-07","TCGA-IB-AAUW-01A-12R-A38C-07",23.1735666666667,"TCGA-PAAD"
"TCGA-2J-AABP-01A-11R-A41B-07","TCGA-2J-AABP-01A-11R-A41B-07",57.4253596491228,"TCGA-PAAD"
"TCGA-2L-AAQM-01A-11R-A39D-07","TCGA-2L-AAQM-01A-11R-A39D-07",18.1757245614035,"TCGA-PAAD"
"TCGA-3A-A9IO-01A-11R-A38C-07","TCGA-3A-A9IO-01A-11R-A38C-07",11.8069192982456,"TCGA-PAAD"
"TCGA-US-A77J-01A-11R-A32O-07","TCGA-US-A77J-01A-11R-A32O-07",47.1724228070175,"TCGA-PAAD"
"TCGA-3A-A9IV-01A-11R-A41B-07","TCGA-3A-A9IV-01A-11R-A41B-07",34.9724614035088,"TCGA-PAAD"
"TCGA-3A-A9IR-01A-11R-A38C-07","TCGA-3A-A9IR-01A-11R-A38C-07",7.26609298245614,"TCGA-PAAD"
"TCGA-IB-7654-01A-11R-2156-07","TCGA-IB-7654-01A-11R-2156-07",82.0020192982456,"TCGA-PAAD"
"TCGA-IB-AAUV-01A-11R-A38C-07","TCGA-IB-AAUV-01A-11R-A38C-07",194.025778947368,"TCGA-PAAD"
"TCGA-FB-AAPP-01A-12R-A41B-07","TCGA-FB-AAPP-01A-12R-A41B-07",7.27477192982456,"TCGA-PAAD"
"TCGA-F2-7273-01A-11R-2156-07","TCGA-F2-7273-01A-11R-2156-07",69.2981964912281,"TCGA-PAAD"
"TCGA-HZ-8638-01A-11R-2404-07","TCGA-HZ-8638-01A-11R-2404-07",24.3792719298246,"TCGA-PAAD"
"TCGA-HZ-7923-01A-12R-2156-07","TCGA-HZ-7923-01A-12R-2156-07",54.1655333333333,"TCGA-PAAD"
"TCGA-H8-A6C1-01A-11R-A32O-07","TCGA-H8-A6C1-01A-11R-A32O-07",40.9010333333333,"TCGA-PAAD"
"TCGA-HZ-7289-01A-11R-2156-07","TCGA-HZ-7289-01A-11R-2156-07",24.1574614035088,"TCGA-PAAD"
"TCGA-RL-AAAS-01A-32R-A39D-07","TCGA-RL-AAAS-01A-32R-A39D-07",71.7959263157895,"TCGA-PAAD"
"TCGA-3A-A9IN-01A-11R-A39D-07","TCGA-3A-A9IN-01A-11R-A39D-07",22.2799421052632,"TCGA-PAAD"
"TCGA-HZ-7920-01A-11R-2204-07","TCGA-HZ-7920-01A-11R-2204-07",36.8916298245614,"TCGA-PAAD"
"TCGA-3A-A9IL-01A-11R-A38C-07","TCGA-3A-A9IL-01A-11R-A38C-07",19.3097543859649,"TCGA-PAAD"
"TCGA-F2-7276-01A-11R-2156-07","TCGA-F2-7276-01A-11R-2156-07",62.9578473684211,"TCGA-PAAD"
"TCGA-F2-6880-01A-11R-2156-07","TCGA-F2-6880-01A-11R-2156-07",10.2851859649123,"TCGA-PAAD"
"TCGA-3A-A9IJ-01A-11R-A39D-07","TCGA-3A-A9IJ-01A-11R-A39D-07",10.7730754385965,"TCGA-PAAD"
"TCGA-FB-A7DR-01A-21R-A33R-07","TCGA-FB-A7DR-01A-21R-A33R-07",67.8916403508772,"TCGA-PAAD"
"TCGA-M8-A5N4-01A-11R-A26U-07","TCGA-M8-A5N4-01A-11R-A26U-07",58.6601807017544,"TCGA-PAAD"
"TCGA-IB-AAUP-01A-11R-A37L-07","TCGA-IB-AAUP-01A-11R-A37L-07",78.9592263157895,"TCGA-PAAD"
"TCGA-HZ-8637-01A-11R-2404-07","TCGA-HZ-8637-01A-11R-2404-07",37.7595807017544,"TCGA-PAAD"
"TCGA-IB-7888-01A-11R-2156-07","TCGA-IB-7888-01A-11R-2156-07",71.6397,"TCGA-PAAD"
"TCGA-FB-A78T-01A-12R-A32O-07","TCGA-FB-A78T-01A-12R-A32O-07",16.7882263157895,"TCGA-PAAD"
"TCGA-HV-A7OL-01A-11R-A33R-07","TCGA-HV-A7OL-01A-11R-A33R-07",30.0393052631579,"TCGA-PAAD"
"TCGA-2J-AABO-01A-21R-A41B-07","TCGA-2J-AABO-01A-21R-A41B-07",77.1548912280702,"TCGA-PAAD"
"TCGA-HZ-A8P1-01A-11R-A37L-07","TCGA-HZ-A8P1-01A-11R-A37L-07",17.9012596491228,"TCGA-PAAD"
"TCGA-FB-AAPS-01A-12R-A39D-07","TCGA-FB-AAPS-01A-12R-A39D-07",185.987187719298,"TCGA-PAAD"
"TCGA-2J-AABI-01A-12R-A41B-07","TCGA-2J-AABI-01A-12R-A41B-07",38.7151578947368,"TCGA-PAAD"
"TCGA-XD-AAUI-01A-42R-A41B-07","TCGA-XD-AAUI-01A-42R-A41B-07",35.2270315789474,"TCGA-PAAD"
"TCGA-IB-AAUN-01A-12R-A38C-07","TCGA-IB-AAUN-01A-12R-A38C-07",42.6319736842105,"TCGA-PAAD"
"TCGA-IB-7647-01A-11R-2156-07","TCGA-IB-7647-01A-11R-2156-07",55.7491964912281,"TCGA-PAAD"
"TCGA-FB-AAPY-01A-11R-A41B-07","TCGA-FB-AAPY-01A-11R-A41B-07",31.3803824561404,"TCGA-PAAD"
"TCGA-RB-A7B8-01A-12R-A33R-07","TCGA-RB-A7B8-01A-12R-A33R-07",83.2665526315789,"TCGA-PAAD"
"TCGA-FB-A545-01A-11R-A26U-07","TCGA-FB-A545-01A-11R-A26U-07",53.6598,"TCGA-PAAD"
"TCGA-2J-AABR-01A-11R-A41B-07","TCGA-2J-AABR-01A-11R-A41B-07",41.2363596491228,"TCGA-PAAD"
"TCGA-IB-AAUO-01A-12R-A38C-07","TCGA-IB-AAUO-01A-12R-A38C-07",26.4300403508772,"TCGA-PAAD"
"TCGA-3A-A9I7-01A-21R-A38C-07","TCGA-3A-A9I7-01A-21R-A38C-07",79.9600105263158,"TCGA-PAAD"
"TCGA-IB-A5SS-01A-11R-A32O-07","TCGA-IB-A5SS-01A-11R-A32O-07",111.040275438596,"TCGA-PAAD"
"TCGA-2L-AAQA-01A-21R-A38C-07","TCGA-2L-AAQA-01A-21R-A38C-07",42.8675438596491,"TCGA-PAAD"
"TCGA-FB-AAQ6-01A-11R-A41B-07","TCGA-FB-AAQ6-01A-11R-A41B-07",23.6119438596491,"TCGA-PAAD"
"TCGA-HZ-8519-01A-11R-2404-07","TCGA-HZ-8519-01A-11R-2404-07",42.3875035087719,"TCGA-PAAD"
"TCGA-IB-7885-01A-11R-2156-07","TCGA-IB-7885-01A-11R-2156-07",97.8993052631579,"TCGA-PAAD"
"TCGA-S4-A8RO-01A-12R-A37L-07","TCGA-S4-A8RO-01A-12R-A37L-07",24.7910438596491,"TCGA-PAAD"
"TCGA-IB-A5ST-01A-11R-A32O-07","TCGA-IB-A5ST-01A-11R-A32O-07",65.7021736842105,"TCGA-PAAD"
"TCGA-IB-A7LX-01A-12R-A36G-07","TCGA-IB-A7LX-01A-12R-A36G-07",28.0628807017544,"TCGA-PAAD"
"TCGA-US-A779-01A-11R-A32O-07","TCGA-US-A779-01A-11R-A32O-07",11.4956964912281,"TCGA-PAAD"
"TCGA-2L-AAQE-01A-11R-A39D-07","TCGA-2L-AAQE-01A-11R-A39D-07",34.0496701754386,"TCGA-PAAD"
"TCGA-2J-AABK-01A-31R-A41B-07","TCGA-2J-AABK-01A-31R-A41B-07",10.9243526315789,"TCGA-PAAD"
"TCGA-PZ-A5RE-01A-11R-A32O-07","TCGA-PZ-A5RE-01A-11R-A32O-07",63.7711298245614,"TCGA-PAAD"
"TCGA-IB-AAUM-01A-11R-A37L-07","TCGA-IB-AAUM-01A-11R-A37L-07",24.6611649122807,"TCGA-PAAD"
"TCGA-IB-A7M4-01A-11R-A36G-07","TCGA-IB-A7M4-01A-11R-A36G-07",25.8133631578947,"TCGA-PAAD"
"TCGA-IB-A6UG-01A-32R-A33R-07","TCGA-IB-A6UG-01A-32R-A33R-07",20.7199912280702,"TCGA-PAAD"
"TCGA-3A-A9IU-01A-11R-A39D-07","TCGA-3A-A9IU-01A-11R-A39D-07",49.4511105263158,"TCGA-PAAD"
"TCGA-HV-AA8X-01A-11R-A39D-07","TCGA-HV-AA8X-01A-11R-A39D-07",25.7745122807018,"TCGA-PAAD"
"TCGA-2J-AABA-01A-21R-A41B-07","TCGA-2J-AABA-01A-21R-A41B-07",59.9740438596491,"TCGA-PAAD"
"TCGA-2J-AABV-01A-12R-A41B-07","TCGA-2J-AABV-01A-12R-A41B-07",13.7003631578947,"TCGA-PAAD"
"TCGA-HV-A5A3-01A-11R-A26U-07","TCGA-HV-A5A3-01A-11R-A26U-07",37.7025157894737,"TCGA-PAAD"
"TCGA-IB-7886-01A-11R-2156-07","TCGA-IB-7886-01A-11R-2156-07",70.0571824561404,"TCGA-PAAD"
"TCGA-HV-A5A4-01A-11R-A26U-07","TCGA-HV-A5A4-01A-11R-A26U-07",62.5248157894737,"TCGA-PAAD"
"TCGA-IB-AAUQ-01A-22R-A41I-07","TCGA-IB-AAUQ-01A-22R-A41I-07",61.9767859649123,"TCGA-PAAD"
"TCGA-HZ-7919-01A-11R-2156-07","TCGA-HZ-7919-01A-11R-2156-07",46.7887877192982,"TCGA-PAAD"
"TCGA-S4-A8RM-01A-11R-A37L-07","TCGA-S4-A8RM-01A-11R-A37L-07",22.3893052631579,"TCGA-PAAD"
"TCGA-IB-7651-01A-11R-2156-07","TCGA-IB-7651-01A-11R-2156-07",57.1029035087719,"TCGA-PAAD"
"TCGA-IB-AAUU-01A-11R-A37L-07","TCGA-IB-AAUU-01A-11R-A37L-07",28.2454421052632,"TCGA-PAAD"
"TCGA-2J-AABE-01A-12R-A41B-07","TCGA-2J-AABE-01A-12R-A41B-07",69.5127789473684,"TCGA-PAAD"
"TCGA-3A-A9IB-01A-21R-A39D-07","TCGA-3A-A9IB-01A-21R-A39D-07",65.8375947368421,"TCGA-PAAD"
"TCGA-XN-A8T5-01A-12R-A36G-07","TCGA-XN-A8T5-01A-12R-A36G-07",67.0569684210526,"TCGA-PAAD"
"TCGA-US-A77G-01A-11R-A32O-07","TCGA-US-A77G-01A-11R-A32O-07",12.8977210526316,"TCGA-PAAD"
"TCGA-3A-A9IZ-01A-12R-A41B-07","TCGA-3A-A9IZ-01A-12R-A41B-07",53.5801350877193,"TCGA-PAAD"
"TCGA-XD-AAUL-01A-21R-A39D-07","TCGA-XD-AAUL-01A-21R-A39D-07",75.225550877193,"TCGA-PAAD"
"TCGA-IB-7897-01A-21R-2204-07","TCGA-IB-7897-01A-21R-2204-07",49.5990754385965,"TCGA-PAAD"
"TCGA-HZ-8315-01A-11R-2404-07","TCGA-HZ-8315-01A-11R-2404-07",60.4433456140351,"TCGA-PAAD"
"TCGA-HZ-8636-01A-21R-2404-07","TCGA-HZ-8636-01A-21R-2404-07",61.8832052631579,"TCGA-PAAD"
"TCGA-IB-7893-01A-11R-2204-07","TCGA-IB-7893-01A-11R-2204-07",225.287289473684,"TCGA-PAAD"
"TCGA-US-A774-01A-21R-A32O-07","TCGA-US-A774-01A-21R-A32O-07",82.7506736842105,"TCGA-PAAD"
"TCGA-IB-8127-01A-11R-2404-07","TCGA-IB-8127-01A-11R-2404-07",51.7632280701754,"TCGA-PAAD"
"TCGA-2J-AABU-01A-11R-A41B-07","TCGA-2J-AABU-01A-11R-A41B-07",57.8070245614035,"TCGA-PAAD"
"TCGA-HV-AA8V-01A-11R-A41B-07","TCGA-HV-AA8V-01A-11R-A41B-07",117.957984210526,"TCGA-PAAD"
"TCGA-3A-A9IH-01A-12R-A39D-07","TCGA-3A-A9IH-01A-12R-A39D-07",29.3573561403509,"TCGA-PAAD"
"TCGA-HZ-A49H-01A-11R-A26U-07","TCGA-HZ-A49H-01A-11R-A26U-07",47.6106403508772,"TCGA-PAAD"
"TCGA-Q3-A5QY-01A-12R-A32O-07","TCGA-Q3-A5QY-01A-12R-A32O-07",38.4458035087719,"TCGA-PAAD"
"TCGA-IB-7644-01A-11R-2156-07","TCGA-IB-7644-01A-11R-2156-07",62.597549122807,"TCGA-PAAD"
"TCGA-IB-7652-01A-11R-2156-07","TCGA-IB-7652-01A-11R-2156-07",50.1865596491228,"TCGA-PAAD"
"TCGA-HV-A5A5-01A-11R-A26U-07","TCGA-HV-A5A5-01A-11R-A26U-07",49.8888859649123,"TCGA-PAAD"
"TCGA-2L-AAQL-01A-11R-A38C-07","TCGA-2L-AAQL-01A-11R-A38C-07",35.3916614035088,"TCGA-PAAD"
"TCGA-F2-A7TX-01A-33R-A38C-07","TCGA-F2-A7TX-01A-33R-A38C-07",26.7896456140351,"TCGA-PAAD"
"TCGA-F2-A44G-01A-11R-A26U-07","TCGA-F2-A44G-01A-11R-A26U-07",57.188198245614,"TCGA-PAAD"
"TCGA-HZ-8005-01A-11R-2204-07","TCGA-HZ-8005-01A-11R-2204-07",151.944763157895,"TCGA-PAAD"
"TCGA-Q3-AA2A-01A-11R-A37L-07","TCGA-Q3-AA2A-01A-11R-A37L-07",22.0335333333333,"TCGA-PAAD"
"TCGA-HZ-A49I-01A-12R-A26U-07","TCGA-HZ-A49I-01A-12R-A26U-07",35.9956473684211,"TCGA-PAAD"
"TCGA-HZ-7926-01A-11R-2156-07","TCGA-HZ-7926-01A-11R-2156-07",37.1903298245614,"TCGA-PAAD"
"TCGA-HZ-A4BH-01A-11R-A26U-07","TCGA-HZ-A4BH-01A-11R-A26U-07",56.6002578947368,"TCGA-PAAD"
"TCGA-2J-AAB8-01A-12R-A41B-07","TCGA-2J-AAB8-01A-12R-A41B-07",87.233201754386,"TCGA-PAAD"
"TCGA-LB-A9Q5-01A-11R-A39D-07","TCGA-LB-A9Q5-01A-11R-A39D-07",36.4918105263158,"TCGA-PAAD"
"TCGA-IB-7889-01A-11R-2156-07","TCGA-IB-7889-01A-11R-2156-07",31.5969105263158,"TCGA-PAAD"
"TCGA-2J-AAB4-01A-12R-A41B-07","TCGA-2J-AAB4-01A-12R-A41B-07",29.2549315789474,"TCGA-PAAD"
"TCGA-3A-A9I9-01A-11R-A38C-07","TCGA-3A-A9I9-01A-11R-A38C-07",30.3185035087719,"TCGA-PAAD"
"TCGA-2J-AABT-01A-11R-A41B-07","TCGA-2J-AABT-01A-11R-A41B-07",35.1820561403509,"TCGA-PAAD"
"TCGA-FB-A5VM-01A-11R-A32O-07","TCGA-FB-A5VM-01A-11R-A32O-07",39.067298245614,"TCGA-PAAD"
"TCGA-HV-A5A6-01A-11R-A26U-07","TCGA-HV-A5A6-01A-11R-A26U-07",52.3626947368421,"TCGA-PAAD"
"TCGA-IB-8126-01A-11R-2404-07","TCGA-IB-8126-01A-11R-2404-07",35.2383824561404,"TCGA-PAAD"
"TCGA-HZ-A49G-01A-11R-A26U-07","TCGA-HZ-A49G-01A-11R-A26U-07",42.3817824561403,"TCGA-PAAD"
"TCGA-OE-A75W-01A-12R-A32O-07","TCGA-OE-A75W-01A-12R-A32O-07",44.4874315789474,"TCGA-PAAD"
"TCGA-HZ-8002-01A-11R-2204-07","TCGA-HZ-8002-01A-11R-2204-07",67.5933894736842,"TCGA-PAAD"
"TCGA-IB-A5SQ-01A-11R-A32O-07","TCGA-IB-A5SQ-01A-11R-A32O-07",90.3994614035088,"TCGA-PAAD"
"TCGA-YH-A8SY-01A-11R-A37L-07","TCGA-YH-A8SY-01A-11R-A37L-07",194.595703508772,"TCGA-PAAD"
"TCGA-HZ-A4BK-01A-11R-A26U-07","TCGA-HZ-A4BK-01A-11R-A26U-07",37.3470877192982,"TCGA-PAAD"
"TCGA-IB-7890-01A-12R-2204-07","TCGA-IB-7890-01A-12R-2204-07",133.921868421053,"TCGA-PAAD"
"TCGA-HZ-8001-01A-11R-2204-07","TCGA-HZ-8001-01A-11R-2204-07",106.464628070175,"TCGA-PAAD"
"TCGA-IB-A6UF-01A-23R-A33R-07","TCGA-IB-A6UF-01A-23R-A33R-07",23.2298175438596,"TCGA-PAAD"
"TCGA-F2-A44H-01A-11R-A26U-07","TCGA-F2-A44H-01A-11R-A26U-07",97.2704333333333,"TCGA-PAAD"
"TCGA-LB-A7SX-01A-11R-A33R-07","TCGA-LB-A7SX-01A-11R-A33R-07",17.327598245614,"TCGA-PAAD"
"TCGA-FB-AAQ3-01A-11R-A41B-07","TCGA-FB-AAQ3-01A-11R-A41B-07",54.4119473684211,"TCGA-PAAD"
"TCGA-HZ-A77P-01A-11R-A33R-07","TCGA-HZ-A77P-01A-11R-A33R-07",49.9097719298246,"TCGA-PAAD"
"TCGA-US-A77E-01A-11R-A32O-07","TCGA-US-A77E-01A-11R-A32O-07",71.7349,"TCGA-PAAD"
"TCGA-HV-A7OP-01A-11R-A33R-07","TCGA-HV-A7OP-01A-11R-A33R-07",4.4985298245614,"TCGA-PAAD"
"TCGA-F2-A8YN-01A-11R-A37L-07","TCGA-F2-A8YN-01A-11R-A37L-07",61.2903754385965,"TCGA-PAAD"
"TCGA-IB-AAUR-01A-21R-A38C-07","TCGA-IB-AAUR-01A-21R-A38C-07",51.8307140350877,"TCGA-PAAD"
"TCGA-3A-A9IC-01A-11R-A38C-07","TCGA-3A-A9IC-01A-11R-A38C-07",135.979222807018,"TCGA-PAAD"
"TCGA-HZ-8003-01A-21R-2204-07","TCGA-HZ-8003-01A-21R-2204-07",55.7821596491228,"TCGA-PAAD"
"TCGA-IB-AAUS-01A-12R-A38C-07","TCGA-IB-AAUS-01A-12R-A38C-07",108.172319298246,"TCGA-PAAD"
"TCGA-Z5-AAPL-01A-12R-A41B-07","TCGA-Z5-AAPL-01A-12R-A41B-07",14.7743894736842,"TCGA-PAAD"
"TCGA-HZ-7922-01A-11R-2156-07","TCGA-HZ-7922-01A-11R-2156-07",116.569621052632,"TCGA-PAAD"
"TCGA-2J-AAB6-01A-11R-A41B-07","TCGA-2J-AAB6-01A-11R-A41B-07",66.4516824561403,"TCGA-PAAD"
"TCGA-FB-AAPU-01A-31R-A41B-07","TCGA-FB-AAPU-01A-31R-A41B-07",14.6576578947368,"TCGA-PAAD"
"TCGA-2J-AAB1-01A-11R-A41B-07","TCGA-2J-AAB1-01A-11R-A41B-07",30.9835403508772,"TCGA-PAAD"
"TCGA-H6-A45N-01A-11R-A26U-07","TCGA-H6-A45N-01A-11R-A26U-07",57.7486842105263,"TCGA-PAAD"
"TCGA-IB-7645-01A-22R-2204-07","TCGA-IB-7645-01A-22R-2204-07",72.6891245614035,"TCGA-PAAD"
"TCGA-H6-8124-01A-11R-2404-07","TCGA-H6-8124-01A-11R-2404-07",61.3196228070175,"TCGA-PAAD"
"TCGA-FB-AAQ0-01A-31R-A41B-07","TCGA-FB-AAQ0-01A-31R-A41B-07",24.6760701754386,"TCGA-PAAD"
"TCGA-2J-AABF-01A-31R-A41B-07","TCGA-2J-AABF-01A-31R-A41B-07",39.0452403508772,"TCGA-PAAD"
"TCGA-IB-AAUT-01A-11R-A37L-07","TCGA-IB-AAUT-01A-11R-A37L-07",51.0903070175439,"TCGA-PAAD"
"TCGA-F2-6879-01A-11R-2156-07","TCGA-F2-6879-01A-11R-2156-07",57.5748666666667,"TCGA-PAAD"
"TCGA-FB-A4P6-01A-12R-A26U-07","TCGA-FB-A4P6-01A-12R-A26U-07",41.5131140350877,"TCGA-PAAD"
"TCGA-HZ-A9TJ-01A-11R-A41I-07","TCGA-HZ-A9TJ-01A-11R-A41I-07",22.026849122807,"TCGA-PAAD"
"TCGA-3A-A9IX-01A-11R-A41B-07","TCGA-3A-A9IX-01A-11R-A41B-07",64.843247368421,"TCGA-PAAD"
"TCGA-HZ-A8P0-01A-11R-A36G-07","TCGA-HZ-A8P0-01A-11R-A36G-07",41.8119210526316,"TCGA-PAAD"
"TCGA-3A-A9I5-01A-11R-A38C-07","TCGA-3A-A9I5-01A-11R-A38C-07",29.6761438596491,"TCGA-PAAD"
"TCGA-3E-AAAZ-01A-11R-A38C-07","TCGA-3E-AAAZ-01A-11R-A38C-07",59.2498368421053,"TCGA-PAAD"
"TCGA-RB-AA9M-01A-11R-A39D-07","TCGA-RB-AA9M-01A-11R-A39D-07",35.592350877193,"TCGA-PAAD"
"TCGA-2L-AAQI-01A-12R-A39D-07","TCGA-2L-AAQI-01A-12R-A39D-07",25.6913754385965,"TCGA-PAAD"
"TCGA-HZ-8317-01A-11R-2404-07","TCGA-HZ-8317-01A-11R-2404-07",55.0361350877193,"TCGA-PAAD"
"TCGA-3A-A9J0-01A-11R-A41B-07","TCGA-3A-A9J0-01A-11R-A41B-07",59.5898245614035,"TCGA-PAAD"
"TCGA-2J-AAB9-01A-11R-A41B-07","TCGA-2J-AAB9-01A-11R-A41B-07",44.8170070175439,"TCGA-PAAD"
"TCGA-3E-AAAY-01A-11R-A38C-07","TCGA-3E-AAAY-01A-11R-A38C-07",37.9602280701754,"TCGA-PAAD"
"TCGA-L1-A7W4-01A-12R-A36G-07","TCGA-L1-A7W4-01A-12R-A36G-07",44.3433368421053,"TCGA-PAAD"
"TCGA-FB-A4P5-01A-11R-A26U-07","TCGA-FB-A4P5-01A-11R-A26U-07",54.0496140350877,"TCGA-PAAD"
"TCGA-XD-AAUH-01A-42R-A41B-07","TCGA-XD-AAUH-01A-42R-A41B-07",42.287050877193,"TCGA-PAAD"
"TCGA-YB-A89D-01A-12R-A36G-07","TCGA-YB-A89D-01A-12R-A36G-07",89.7097105263158,"TCGA-PAAD"
"TCGA-IB-A5SP-01A-11R-A32O-07","TCGA-IB-A5SP-01A-11R-A32O-07",13.8756122807018,"TCGA-PAAD"
"TCGA-2J-AABH-01A-21R-A41B-07","TCGA-2J-AABH-01A-21R-A41B-07",34.0522771929825,"TCGA-PAAD"
"TCGA-IB-A5SO-01A-11R-A32O-07","TCGA-IB-A5SO-01A-11R-A32O-07",78.3979052631579,"TCGA-PAAD"
"TCGA-IB-7891-01A-11R-2204-07","TCGA-IB-7891-01A-11R-2204-07",61.3185684210526,"TCGA-PAAD"
"TCGA-S4-A8RP-01A-11R-A36G-07","TCGA-S4-A8RP-01A-11R-A36G-07",45.4597701754386,"TCGA-PAAD"
"TCGA-HZ-A77Q-01A-11R-A36G-07","TCGA-HZ-A77Q-01A-11R-A36G-07",108.600389473684,"TCGA-PAAD"
"TCGA-IB-7646-01A-11R-2156-07","TCGA-IB-7646-01A-11R-2156-07",97.8096789473684,"TCGA-PAAD"
"TCGA-US-A776-01A-13R-A33R-07","TCGA-US-A776-01A-13R-A33R-07",18.1575789473684,"TCGA-PAAD"
"TCGA-XN-A8T3-01A-11R-A36G-07","TCGA-XN-A8T3-01A-11R-A36G-07",61.1320719298246,"TCGA-PAAD"
"TCGA-IB-7649-01A-11R-2156-07","TCGA-IB-7649-01A-11R-2156-07",53.9801438596491,"TCGA-PAAD"
"TCGA-FB-AAPQ-01A-11R-A41B-07","TCGA-FB-AAPQ-01A-11R-A41B-07",34.1974122807018,"TCGA-PAAD"
"TCGA-YY-A8LH-01A-11R-A36G-07","TCGA-YY-A8LH-01A-11R-A36G-07",11.7444263157895,"TCGA-PAAD"
"TCGA-FB-AAPZ-01A-11R-A41B-07","TCGA-FB-AAPZ-01A-11R-A41B-07",35.1022368421053,"TCGA-PAAD"
"TCGA-FB-AAQ2-01A-31R-A41B-07","TCGA-FB-AAQ2-01A-31R-A41B-07",21.7429631578947,"TCGA-PAAD"
"TCGA-LB-A8F3-01A-11R-A36G-07","TCGA-LB-A8F3-01A-11R-A36G-07",26.1463824561404,"TCGA-PAAD"
"TCGA-XD-AAUG-01A-61R-A41B-07","TCGA-XD-AAUG-01A-61R-A41B-07",140.272380701754,"TCGA-PAAD"
"TCGA-HZ-7925-01A-11R-2156-07","TCGA-HZ-7925-01A-11R-2156-07",189.737054385965,"TCGA-PAAD"
"TCGA-2L-AAQJ-01A-12R-A39D-07","TCGA-2L-AAQJ-01A-12R-A39D-07",28.2920543859649,"TCGA-PAAD"
"TCGA-HZ-A77O-01A-11R-A33R-07","TCGA-HZ-A77O-01A-11R-A33R-07",35.4290771929825,"TCGA-PAAD"
"TCGA-IB-7887-01A-11R-2156-07","TCGA-IB-7887-01A-11R-2156-07",75.4076929824561,"TCGA-PAAD"
"TCGA-FB-AAQ1-01A-12R-A41B-07","TCGA-FB-AAQ1-01A-12R-A41B-07",23.9133543859649,"TCGA-PAAD"
"TCGA-G8-6906-01A-11R-2213-07","TCGA-G8-6906-01A-11R-2213-07",12.2663456140351,"TCGA-DLBC"
"TCGA-FA-A7Q1-01A-11R-A38C-07","TCGA-FA-A7Q1-01A-11R-A38C-07",15.1313877192982,"TCGA-DLBC"
"TCGA-FA-A6HN-01A-11R-A31O-07","TCGA-FA-A6HN-01A-11R-A31O-07",5.92245438596491,"TCGA-DLBC"
"TCGA-GS-A9U4-01A-11R-A39D-07","TCGA-GS-A9U4-01A-11R-A39D-07",19.6686596491228,"TCGA-DLBC"
"TCGA-FF-8062-01A-11R-2213-07","TCGA-FF-8062-01A-11R-2213-07",6.60051052631579,"TCGA-DLBC"
"TCGA-FA-A4BB-01A-11R-A31O-07","TCGA-FA-A4BB-01A-11R-A31O-07",6.98912807017544,"TCGA-DLBC"
"TCGA-FF-A7CW-01A-11R-A38C-07","TCGA-FF-A7CW-01A-11R-A38C-07",2.18254035087719,"TCGA-DLBC"
"TCGA-GS-A9TU-01A-11R-A38C-07","TCGA-GS-A9TU-01A-11R-A38C-07",5.5599052631579,"TCGA-DLBC"
"TCGA-FF-8041-01A-11R-2213-07","TCGA-FF-8041-01A-11R-2213-07",6.90719824561404,"TCGA-DLBC"
"TCGA-RQ-A68N-01A-11R-A31O-07","TCGA-RQ-A68N-01A-11R-A31O-07",9.63924035087719,"TCGA-DLBC"
"TCGA-GS-A9TW-01A-11R-A38C-07","TCGA-GS-A9TW-01A-11R-A38C-07",24.9415912280702,"TCGA-DLBC"
"TCGA-FF-A7CX-01A-12R-A38C-07","TCGA-FF-A7CX-01A-12R-A38C-07",5.37331578947368,"TCGA-DLBC"
"TCGA-G8-6907-01A-11R-2213-07","TCGA-G8-6907-01A-11R-2213-07",3.41846842105263,"TCGA-DLBC"
"TCGA-GS-A9TT-01A-11R-A38C-07","TCGA-GS-A9TT-01A-11R-A38C-07",10.4978140350877,"TCGA-DLBC"
"TCGA-G8-6914-01A-11R-2213-07","TCGA-G8-6914-01A-11R-2213-07",19.5027105263158,"TCGA-DLBC"
"TCGA-GS-A9TQ-01A-11R-A38C-07","TCGA-GS-A9TQ-01A-11R-A38C-07",7.44032105263158,"TCGA-DLBC"
"TCGA-RQ-AAAT-01A-11R-A39D-07","TCGA-RQ-AAAT-01A-11R-A39D-07",4.13929473684211,"TCGA-DLBC"
"TCGA-GS-A9TX-01A-11R-A38C-07","TCGA-GS-A9TX-01A-11R-A38C-07",3.44322631578947,"TCGA-DLBC"
"TCGA-GR-A4D9-01B-11R-A31O-07","TCGA-GR-A4D9-01B-11R-A31O-07",10.8119631578947,"TCGA-DLBC"
"TCGA-FF-8046-01A-11R-2213-07","TCGA-FF-8046-01A-11R-2213-07",7.27477894736842,"TCGA-DLBC"
"TCGA-FA-A6HO-01A-11R-A31O-07","TCGA-FA-A6HO-01A-11R-A31O-07",2.33684912280702,"TCGA-DLBC"
"TCGA-G8-6324-01A-11R-2213-07","TCGA-G8-6324-01A-11R-2213-07",5.25562280701754,"TCGA-DLBC"
"TCGA-GS-A9TY-01A-11R-A39D-07","TCGA-GS-A9TY-01A-11R-A39D-07",6.41559824561404,"TCGA-DLBC"
"TCGA-GR-7351-01A-11R-2213-07","TCGA-GR-7351-01A-11R-2213-07",9.51134385964912,"TCGA-DLBC"
"TCGA-FA-8693-01A-11R-2404-07","TCGA-FA-8693-01A-11R-2404-07",17.6718035087719,"TCGA-DLBC"
"TCGA-G8-6909-01A-11R-2213-07","TCGA-G8-6909-01A-11R-2213-07",4.9086052631579,"TCGA-DLBC"
"TCGA-FA-A4XK-01A-11R-A31O-07","TCGA-FA-A4XK-01A-11R-A31O-07",44.9573122807017,"TCGA-DLBC"
"TCGA-VB-A8QN-01A-11R-A38C-07","TCGA-VB-A8QN-01A-11R-A38C-07",15.9583175438596,"TCGA-DLBC"
"TCGA-FF-8043-01A-11R-2213-07","TCGA-FF-8043-01A-11R-2213-07",10.1273280701754,"TCGA-DLBC"
"TCGA-FA-A86F-01A-11R-A38C-07","TCGA-FA-A86F-01A-11R-A38C-07",2.42482631578947,"TCGA-DLBC"
"TCGA-GR-A4D6-01A-11R-A31O-07","TCGA-GR-A4D6-01A-11R-A31O-07",2.57134385964912,"TCGA-DLBC"
"TCGA-GR-7353-01A-11R-2213-07","TCGA-GR-7353-01A-11R-2213-07",4.84522631578947,"TCGA-DLBC"
"TCGA-GS-A9TV-01A-11R-A38C-07","TCGA-GS-A9TV-01A-11R-A38C-07",4.07230175438596,"TCGA-DLBC"
"TCGA-FF-8061-01A-11R-2213-07","TCGA-FF-8061-01A-11R-2213-07",19.0462701754386,"TCGA-DLBC"
"TCGA-GR-A4D4-01A-11R-A31O-07","TCGA-GR-A4D4-01A-11R-A31O-07",19.9159403508772,"TCGA-DLBC"
"TCGA-RQ-A6JB-01A-11R-A31O-07","TCGA-RQ-A6JB-01A-11R-A31O-07",39.4853877192982,"TCGA-DLBC"
"TCGA-FM-8000-01A-11R-2213-07","TCGA-FM-8000-01A-11R-2213-07",9.83045614035088,"TCGA-DLBC"
"TCGA-FA-A82F-01A-11R-A38C-07","TCGA-FA-A82F-01A-11R-A38C-07",14.339450877193,"TCGA-DLBC"
"TCGA-G8-6325-01A-11R-2213-07","TCGA-G8-6325-01A-11R-2213-07",8.91033859649123,"TCGA-DLBC"
"TCGA-FA-A7DS-01A-11R-A38C-07","TCGA-FA-A7DS-01A-11R-A38C-07",4.39933157894737,"TCGA-DLBC"
"TCGA-GS-A9TZ-01A-11R-A39D-07","TCGA-GS-A9TZ-01A-11R-A39D-07",6.63112456140351,"TCGA-DLBC"
"TCGA-FF-8042-01A-11R-2213-07","TCGA-FF-8042-01A-11R-2213-07",7.67111929824561,"TCGA-DLBC"
"TCGA-FF-A7CQ-01A-11R-A38C-07","TCGA-FF-A7CQ-01A-11R-A38C-07",3.26080701754386,"TCGA-DLBC"
"TCGA-FF-A7CR-01A-11R-A38C-07","TCGA-FF-A7CR-01A-11R-A38C-07",3.83107192982456,"TCGA-DLBC"
"TCGA-GR-A4D5-01A-11R-A31O-07","TCGA-GR-A4D5-01A-11R-A31O-07",26.2496771929825,"TCGA-DLBC"
"TCGA-G8-6326-01A-11R-2213-07","TCGA-G8-6326-01A-11R-2213-07",8.6317,"TCGA-DLBC"
"TCGA-FF-8047-01A-11R-2213-07","TCGA-FF-8047-01A-11R-2213-07",2.54190701754386,"TCGA-DLBC"
"TCGA-GS-A9U3-01A-11R-A39D-07","TCGA-GS-A9U3-01A-11R-A39D-07",11.4010578947368,"TCGA-DLBC"
"TCGA-AB-2810-03A-01T-0736-13","TCGA-AB-2810-03A-01T-0736-13",1.62052105263158,"TCGA-LAML"
"TCGA-AB-2986-03A-01T-0734-13","TCGA-AB-2986-03A-01T-0734-13",1.11669122807018,"TCGA-LAML"
"TCGA-AB-2847-03A-01T-0736-13","TCGA-AB-2847-03A-01T-0736-13",1.83168421052632,"TCGA-LAML"
"TCGA-AB-2911-03A-01T-0734-13","TCGA-AB-2911-03A-01T-0734-13",1.53790175438596,"TCGA-LAML"
"TCGA-AB-2839-03A-01T-0734-13","TCGA-AB-2839-03A-01T-0734-13",1.52457543859649,"TCGA-LAML"
"TCGA-AB-2938-03A-01T-0736-13","TCGA-AB-2938-03A-01T-0736-13",4.21453157894737,"TCGA-LAML"
"TCGA-AB-2877-03A-01T-0735-13","TCGA-AB-2877-03A-01T-0735-13",4.45020350877193,"TCGA-LAML"
"TCGA-AB-2812-03A-01T-0734-13","TCGA-AB-2812-03A-01T-0734-13",1.76818596491228,"TCGA-LAML"
"TCGA-AB-2826-03A-01T-0734-13","TCGA-AB-2826-03A-01T-0734-13",1.5045701754386,"TCGA-LAML"
"TCGA-AB-2805-03A-01T-0734-13","TCGA-AB-2805-03A-01T-0734-13",1.66271228070175,"TCGA-LAML"
"TCGA-AB-2933-03A-01T-0734-13","TCGA-AB-2933-03A-01T-0734-13",1.7138649122807,"TCGA-LAML"
"TCGA-AB-2828-03A-01T-0734-13","TCGA-AB-2828-03A-01T-0734-13",1.48622631578947,"TCGA-LAML"
"TCGA-AB-2806-03A-01T-0734-13","TCGA-AB-2806-03A-01T-0734-13",2.06757543859649,"TCGA-LAML"
"TCGA-AB-3002-03A-01T-0736-13","TCGA-AB-3002-03A-01T-0736-13",1.90615614035088,"TCGA-LAML"
"TCGA-AB-2916-03A-01T-0734-13","TCGA-AB-2916-03A-01T-0734-13",1.81738070175439,"TCGA-LAML"
"TCGA-AB-2963-03A-01T-0734-13","TCGA-AB-2963-03A-01T-0734-13",1.54864912280702,"TCGA-LAML"
"TCGA-AB-2908-03A-01T-0740-13","TCGA-AB-2908-03A-01T-0740-13",1.62102807017544,"TCGA-LAML"
"TCGA-AB-3000-03A-01T-0736-13","TCGA-AB-3000-03A-01T-0736-13",1.36620350877193,"TCGA-LAML"
"TCGA-AB-2815-03A-01T-0734-13","TCGA-AB-2815-03A-01T-0734-13",1.73461228070175,"TCGA-LAML"
"TCGA-AB-2948-03A-01T-0740-13","TCGA-AB-2948-03A-01T-0740-13",2.33991403508772,"TCGA-LAML"
"TCGA-AB-2896-03B-01T-0751-13","TCGA-AB-2896-03B-01T-0751-13",1.57265614035088,"TCGA-LAML"
"TCGA-AB-2823-03A-01T-0736-13","TCGA-AB-2823-03A-01T-0736-13",2.90988771929825,"TCGA-LAML"
"TCGA-AB-2956-03A-01T-0740-13","TCGA-AB-2956-03A-01T-0740-13",2.3191,"TCGA-LAML"
"TCGA-AB-2937-03A-01T-0734-13","TCGA-AB-2937-03A-01T-0734-13",1.3916,"TCGA-LAML"
"TCGA-AB-2976-03A-01T-0734-13","TCGA-AB-2976-03A-01T-0734-13",1.62986315789474,"TCGA-LAML"
"TCGA-AB-2830-03A-01T-0736-13","TCGA-AB-2830-03A-01T-0736-13",1.73323157894737,"TCGA-LAML"
"TCGA-AB-2846-03A-01T-0736-13","TCGA-AB-2846-03A-01T-0736-13",1.67429298245614,"TCGA-LAML"
"TCGA-AB-2814-03A-01T-0734-13","TCGA-AB-2814-03A-01T-0734-13",1.46308596491228,"TCGA-LAML"
"TCGA-AB-2858-03A-01T-0736-13","TCGA-AB-2858-03A-01T-0736-13",1.16055614035088,"TCGA-LAML"
"TCGA-AB-2995-03A-01T-0735-13","TCGA-AB-2995-03A-01T-0735-13",2.48366315789474,"TCGA-LAML"
"TCGA-AB-2834-03A-01T-0734-13","TCGA-AB-2834-03A-01T-0734-13",1.78232456140351,"TCGA-LAML"
"TCGA-AB-2857-03A-01T-0736-13","TCGA-AB-2857-03A-01T-0736-13",2.83423684210526,"TCGA-LAML"
"TCGA-AB-2851-03A-01T-0736-13","TCGA-AB-2851-03A-01T-0736-13",1.36622280701754,"TCGA-LAML"
"TCGA-AB-2813-03A-01T-0736-13","TCGA-AB-2813-03A-01T-0736-13",1.81369824561404,"TCGA-LAML"
"TCGA-AB-2856-03A-01T-0736-13","TCGA-AB-2856-03A-01T-0736-13",1.16245614035088,"TCGA-LAML"
"TCGA-AB-2822-03A-01T-0734-13","TCGA-AB-2822-03A-01T-0734-13",1.72351754385965,"TCGA-LAML"
"TCGA-AB-2820-03A-01T-0735-13","TCGA-AB-2820-03A-01T-0735-13",1.37839122807018,"TCGA-LAML"
"TCGA-AB-2987-03A-01T-0734-13","TCGA-AB-2987-03A-01T-0734-13",1.87386140350877,"TCGA-LAML"
"TCGA-AB-2912-03A-01T-0734-13","TCGA-AB-2912-03A-01T-0734-13",2.28184912280702,"TCGA-LAML"
"TCGA-AB-2927-03A-01T-0740-13","TCGA-AB-2927-03A-01T-0740-13",2.01396315789474,"TCGA-LAML"
"TCGA-AB-2900-03A-01T-0735-13","TCGA-AB-2900-03A-01T-0735-13",1.21909649122807,"TCGA-LAML"
"TCGA-AB-2843-03A-01T-0736-13","TCGA-AB-2843-03A-01T-0736-13",1.66449122807018,"TCGA-LAML"
"TCGA-AB-2836-03A-01T-0736-13","TCGA-AB-2836-03A-01T-0736-13",1.23889122807018,"TCGA-LAML"
"TCGA-AB-3001-03A-01T-0736-13","TCGA-AB-3001-03A-01T-0736-13",2.46608596491228,"TCGA-LAML"
"TCGA-AB-2859-03A-01T-0736-13","TCGA-AB-2859-03A-01T-0736-13",1.73590175438596,"TCGA-LAML"
"TCGA-AB-2914-03A-01T-0734-13","TCGA-AB-2914-03A-01T-0734-13",1.55627719298246,"TCGA-LAML"
"TCGA-AB-2898-03A-01T-0735-13","TCGA-AB-2898-03A-01T-0735-13",2.22810526315789,"TCGA-LAML"
"TCGA-AB-3009-03A-01T-0736-13","TCGA-AB-3009-03A-01T-0736-13",1.65720877192982,"TCGA-LAML"
"TCGA-AB-2981-03B-01T-0748-13","TCGA-AB-2981-03B-01T-0748-13",1.34781052631579,"TCGA-LAML"
"TCGA-AB-2918-03A-01T-0740-13","TCGA-AB-2918-03A-01T-0740-13",1.13908421052632,"TCGA-LAML"
"TCGA-AB-2866-03A-01T-0736-13","TCGA-AB-2866-03A-01T-0736-13",1.30925263157895,"TCGA-LAML"
"TCGA-AB-2901-03A-01T-0735-13","TCGA-AB-2901-03A-01T-0735-13",1.84398070175439,"TCGA-LAML"
"TCGA-AB-2845-03B-01T-0748-13","TCGA-AB-2845-03B-01T-0748-13",1.3019,"TCGA-LAML"
"TCGA-AB-2842-03A-01T-0734-13","TCGA-AB-2842-03A-01T-0734-13",1.94221754385965,"TCGA-LAML"
"TCGA-AB-2862-03A-01T-0736-13","TCGA-AB-2862-03A-01T-0736-13",2.17488245614035,"TCGA-LAML"
"TCGA-AB-2861-03A-01T-0736-13","TCGA-AB-2861-03A-01T-0736-13",1.4893350877193,"TCGA-LAML"
"TCGA-AB-2988-03B-01T-0748-13","TCGA-AB-2988-03B-01T-0748-13",1.42955263157895,"TCGA-LAML"
"TCGA-AB-2980-03A-01T-0734-13","TCGA-AB-2980-03A-01T-0734-13",2.53628596491228,"TCGA-LAML"
"TCGA-AB-2919-03A-01T-0740-13","TCGA-AB-2919-03A-01T-0740-13",1.51475789473684,"TCGA-LAML"
"TCGA-AB-2984-03A-01T-0734-13","TCGA-AB-2984-03A-01T-0734-13",1.17272280701754,"TCGA-LAML"
"TCGA-AB-2825-03A-01T-0736-13","TCGA-AB-2825-03A-01T-0736-13",1.67798245614035,"TCGA-LAML"
"TCGA-AB-2870-03A-01T-0735-13","TCGA-AB-2870-03A-01T-0735-13",1.31824912280702,"TCGA-LAML"
"TCGA-AB-2941-03A-01T-0740-13","TCGA-AB-2941-03A-01T-0740-13",1.65914912280702,"TCGA-LAML"
"TCGA-AB-2983-03A-01T-0734-13","TCGA-AB-2983-03A-01T-0734-13",1.71399298245614,"TCGA-LAML"
"TCGA-AB-2889-03A-01T-0735-13","TCGA-AB-2889-03A-01T-0735-13",1.56224561403509,"TCGA-LAML"
"TCGA-AB-2840-03A-01T-0734-13","TCGA-AB-2840-03A-01T-0734-13",2.1443649122807,"TCGA-LAML"
"TCGA-AB-2932-03A-01T-0740-13","TCGA-AB-2932-03A-01T-0740-13",1.59884912280702,"TCGA-LAML"
"TCGA-AB-2867-03A-01T-0734-13","TCGA-AB-2867-03A-01T-0734-13",1.49077368421053,"TCGA-LAML"
"TCGA-AB-2917-03A-01T-0734-13","TCGA-AB-2917-03A-01T-0734-13",1.90354561403509,"TCGA-LAML"
"TCGA-AB-2996-03A-01T-0735-13","TCGA-AB-2996-03A-01T-0735-13",2.00355614035088,"TCGA-LAML"
"TCGA-AB-2849-03A-01T-0734-13","TCGA-AB-2849-03A-01T-0734-13",2.3001298245614,"TCGA-LAML"
"TCGA-AB-2931-03A-01T-0740-13","TCGA-AB-2931-03A-01T-0740-13",1.73770701754386,"TCGA-LAML"
"TCGA-AB-2955-03A-01T-0734-13","TCGA-AB-2955-03A-01T-0734-13",1.56791228070175,"TCGA-LAML"
"TCGA-AB-2888-03B-01T-0748-13","TCGA-AB-2888-03B-01T-0748-13",1.29842807017544,"TCGA-LAML"
"TCGA-AB-2950-03A-01T-0735-13","TCGA-AB-2950-03A-01T-0735-13",1.93802456140351,"TCGA-LAML"
"TCGA-AB-2818-03A-01T-0734-13","TCGA-AB-2818-03A-01T-0734-13",1.80118596491228,"TCGA-LAML"
"TCGA-AB-2808-03A-01T-0734-13","TCGA-AB-2808-03A-01T-0734-13",1.61621929824561,"TCGA-LAML"
"TCGA-AB-2940-03A-01T-0736-13","TCGA-AB-2940-03A-01T-0736-13",1.39995263157895,"TCGA-LAML"
"TCGA-AB-2897-03A-01T-0735-13","TCGA-AB-2897-03A-01T-0735-13",2.24664736842105,"TCGA-LAML"
"TCGA-AB-2990-03B-01T-0748-13","TCGA-AB-2990-03B-01T-0748-13",1.48383684210526,"TCGA-LAML"
"TCGA-AB-2915-03A-01T-0740-13","TCGA-AB-2915-03A-01T-0740-13",1.14786842105263,"TCGA-LAML"
"TCGA-AB-2939-03A-01T-0740-13","TCGA-AB-2939-03A-01T-0740-13",1.79384736842105,"TCGA-LAML"
"TCGA-AB-2885-03A-01T-0735-13","TCGA-AB-2885-03A-01T-0735-13",1.90778421052632,"TCGA-LAML"
"TCGA-AB-2925-03A-01T-0735-13","TCGA-AB-2925-03A-01T-0735-13",1.73834561403509,"TCGA-LAML"
"TCGA-AB-2973-03A-01T-0734-13","TCGA-AB-2973-03A-01T-0734-13",1.8183,"TCGA-LAML"
"TCGA-AB-2893-03A-01T-0734-13","TCGA-AB-2893-03A-01T-0734-13",1.72250701754386,"TCGA-LAML"
"TCGA-AB-2913-03A-01T-0734-13","TCGA-AB-2913-03A-01T-0734-13",2.27146842105263,"TCGA-LAML"
"TCGA-AB-2975-03A-01T-0734-13","TCGA-AB-2975-03A-01T-0734-13",1.56050701754386,"TCGA-LAML"
"TCGA-AB-2811-03B-01T-0760-13","TCGA-AB-2811-03B-01T-0760-13",2.02349122807018,"TCGA-LAML"
"TCGA-AB-2873-03A-01T-0735-13","TCGA-AB-2873-03A-01T-0735-13",1.83269473684211,"TCGA-LAML"
"TCGA-AB-2894-03A-01T-0734-13","TCGA-AB-2894-03A-01T-0734-13",1.71121403508772,"TCGA-LAML"
"TCGA-AB-2853-03A-01T-0734-13","TCGA-AB-2853-03A-01T-0734-13",1.98248771929825,"TCGA-LAML"
"TCGA-AB-2883-03A-01T-0734-13","TCGA-AB-2883-03A-01T-0734-13",2.03510175438596,"TCGA-LAML"
"TCGA-AB-2935-03A-01T-0740-13","TCGA-AB-2935-03A-01T-0740-13",1.8887,"TCGA-LAML"
"TCGA-AB-2881-03A-01T-0735-13","TCGA-AB-2881-03A-01T-0735-13",1.52319649122807,"TCGA-LAML"
"TCGA-AB-2865-03A-01T-0736-13","TCGA-AB-2865-03A-01T-0736-13",2.03554561403509,"TCGA-LAML"
"TCGA-AB-2890-03A-01T-0735-13","TCGA-AB-2890-03A-01T-0735-13",1.40360350877193,"TCGA-LAML"
"TCGA-AB-2998-03A-01T-0735-13","TCGA-AB-2998-03A-01T-0735-13",2.08824561403509,"TCGA-LAML"
"TCGA-AB-2899-03A-01T-0736-13","TCGA-AB-2899-03A-01T-0736-13",1.79492280701754,"TCGA-LAML"
"TCGA-AB-2882-03A-01T-0740-13","TCGA-AB-2882-03A-01T-0740-13",2.74119473684211,"TCGA-LAML"
"TCGA-AB-2928-03A-01T-0740-13","TCGA-AB-2928-03A-01T-0740-13",2.13645087719298,"TCGA-LAML"
"TCGA-AB-2991-03A-01T-0735-13","TCGA-AB-2991-03A-01T-0735-13",3.10502631578947,"TCGA-LAML"
"TCGA-AB-2943-03A-01T-0740-13","TCGA-AB-2943-03A-01T-0740-13",1.80902105263158,"TCGA-LAML"
"TCGA-AB-2869-03A-01T-0735-13","TCGA-AB-2869-03A-01T-0735-13",1.83344912280702,"TCGA-LAML"
"TCGA-AB-2992-03A-01T-0735-13","TCGA-AB-2992-03A-01T-0735-13",2.12875964912281,"TCGA-LAML"
"TCGA-AB-2844-03A-01T-0736-13","TCGA-AB-2844-03A-01T-0736-13",1.55693333333333,"TCGA-LAML"
"TCGA-AB-2884-03A-01T-0735-13","TCGA-AB-2884-03A-01T-0735-13",1.33997368421053,"TCGA-LAML"
"TCGA-AB-2959-03A-01T-0734-13","TCGA-AB-2959-03A-01T-0734-13",2.35608947368421,"TCGA-LAML"
"TCGA-AB-2886-03A-01T-0735-13","TCGA-AB-2886-03A-01T-0735-13",1.24098070175439,"TCGA-LAML"
"TCGA-AB-2891-03A-01T-0735-13","TCGA-AB-2891-03A-01T-0735-13",1.46460877192982,"TCGA-LAML"
"TCGA-AB-2835-03A-01T-0736-13","TCGA-AB-2835-03A-01T-0736-13",1.60000526315789,"TCGA-LAML"
"TCGA-AB-2999-03B-01T-0748-13","TCGA-AB-2999-03B-01T-0748-13",2.24754210526316,"TCGA-LAML"
"TCGA-AB-2930-03A-01T-0740-13","TCGA-AB-2930-03A-01T-0740-13",1.05992105263158,"TCGA-LAML"
"TCGA-AB-2872-03A-01T-0735-13","TCGA-AB-2872-03A-01T-0735-13",2.23310526315789,"TCGA-LAML"
"TCGA-AB-3012-03A-01T-0736-13","TCGA-AB-3012-03A-01T-0736-13",3.53338771929825,"TCGA-LAML"
"TCGA-AB-2944-03A-01T-0740-13","TCGA-AB-2944-03A-01T-0740-13",1.14544736842105,"TCGA-LAML"
"TCGA-AB-2841-03B-01T-0760-13","TCGA-AB-2841-03B-01T-0760-13",1.88649649122807,"TCGA-LAML"
"TCGA-AB-3011-03A-01T-0736-13","TCGA-AB-3011-03A-01T-0736-13",1.39252105263158,"TCGA-LAML"
"TCGA-AB-2874-03A-01T-0735-13","TCGA-AB-2874-03A-01T-0735-13",1.90217543859649,"TCGA-LAML"
"TCGA-AB-2878-03A-01T-0734-13","TCGA-AB-2878-03A-01T-0734-13",2.17168245614035,"TCGA-LAML"
"TCGA-AB-2934-03A-01T-0740-13","TCGA-AB-2934-03A-01T-0740-13",1.34668245614035,"TCGA-LAML"
"TCGA-AB-2970-03A-01T-0734-13","TCGA-AB-2970-03A-01T-0734-13",1.63362631578947,"TCGA-LAML"
"TCGA-AB-2942-03A-01T-0734-13","TCGA-AB-2942-03A-01T-0734-13",1.20280701754386,"TCGA-LAML"
"TCGA-AB-2895-03A-01T-0735-13","TCGA-AB-2895-03A-01T-0735-13",1.88054912280702,"TCGA-LAML"
"TCGA-AB-2920-03B-01T-0760-13","TCGA-AB-2920-03B-01T-0760-13",1.4096701754386,"TCGA-LAML"
"TCGA-AB-2929-03A-01T-0735-13","TCGA-AB-2929-03A-01T-0735-13",1.64680701754386,"TCGA-LAML"
"TCGA-AB-2952-03B-01T-0760-13","TCGA-AB-2952-03B-01T-0760-13",1.21322280701754,"TCGA-LAML"
"TCGA-AB-2821-03A-01T-0735-13","TCGA-AB-2821-03A-01T-0735-13",2.25522105263158,"TCGA-LAML"
"TCGA-AB-2863-03A-01T-0734-13","TCGA-AB-2863-03A-01T-0734-13",2.31982105263158,"TCGA-LAML"
"TCGA-AB-2817-03A-01T-0736-13","TCGA-AB-2817-03A-01T-0736-13",2.46147192982456,"TCGA-LAML"
"TCGA-AB-3007-03A-01T-0736-13","TCGA-AB-3007-03A-01T-0736-13",2.9790649122807,"TCGA-LAML"
"TCGA-AB-2880-03A-01T-0735-13","TCGA-AB-2880-03A-01T-0735-13",1.21321754385965,"TCGA-LAML"
"TCGA-AB-2871-03A-01T-0735-13","TCGA-AB-2871-03A-01T-0735-13",1.94963684210526,"TCGA-LAML"
"TCGA-AB-2910-03A-01T-0740-13","TCGA-AB-2910-03A-01T-0740-13",1.7509701754386,"TCGA-LAML"
"TCGA-AB-2949-03B-01T-0748-13","TCGA-AB-2949-03B-01T-0748-13",1.90510350877193,"TCGA-LAML"
"TCGA-AB-2936-03A-01T-0740-13","TCGA-AB-2936-03A-01T-0740-13",1.66072105263158,"TCGA-LAML"
"TCGA-AB-2946-03A-01T-0740-13","TCGA-AB-2946-03A-01T-0740-13",1.29507543859649,"TCGA-LAML"
"TCGA-AB-2921-03A-01T-0740-13","TCGA-AB-2921-03A-01T-0740-13",1.15368771929825,"TCGA-LAML"
"TCGA-AB-2965-03A-01T-0734-13","TCGA-AB-2965-03A-01T-0734-13",1.7764649122807,"TCGA-LAML"
"TCGA-AB-2876-03A-01T-0734-13","TCGA-AB-2876-03A-01T-0734-13",1.49464561403509,"TCGA-LAML"
"TCGA-AB-2924-03A-01T-0740-13","TCGA-AB-2924-03A-01T-0740-13",1.90953859649123,"TCGA-LAML"
"TCGA-AB-2875-03A-01T-0735-13","TCGA-AB-2875-03A-01T-0735-13",1.59851052631579,"TCGA-LAML"
"TCGA-AB-2819-03A-01T-0734-13","TCGA-AB-2819-03A-01T-0734-13",1.72641754385965,"TCGA-LAML"
"TCGA-AB-2977-03B-01T-0760-13","TCGA-AB-2977-03B-01T-0760-13",1.15501052631579,"TCGA-LAML"
"TCGA-AB-2994-03A-01T-0735-13","TCGA-AB-2994-03A-01T-0735-13",2.04191052631579,"TCGA-LAML"
"TCGA-AB-2909-03A-01T-0744-13","TCGA-AB-2909-03A-01T-0744-13",1.4009350877193,"TCGA-LAML"
"TCGA-AB-2966-03A-01T-0734-13","TCGA-AB-2966-03A-01T-0734-13",1.26094736842105,"TCGA-LAML"
"TCGA-AB-2892-03A-01T-0734-13","TCGA-AB-2892-03A-01T-0734-13",1.37585614035088,"TCGA-LAML"
"TCGA-AB-3008-03A-01T-0736-13","TCGA-AB-3008-03A-01T-0736-13",1.63929122807018,"TCGA-LAML"
"TCGA-AB-2971-03A-01T-0734-13","TCGA-AB-2971-03A-01T-0734-13",1.88625964912281,"TCGA-LAML"
"TCGA-AB-2979-03B-01T-0760-13","TCGA-AB-2979-03B-01T-0760-13",1.05326140350877,"TCGA-LAML"
